name,type,region,lat,lng,address,tel,email,web,contact1_name,contact1_role,contact1_email
Zip-Clip Ltd (HQ),office,Mid Wales — Manufacturer and Head Office,52.5166,-3.3786,"Llandrindod Wells, Powys, Wales",01686623366,info@zip-clip.com,https://zip-clip.com,Sales Team,General Enquiries,sales@zip-clip.com
BIM SS,distributor,OTHER — New Zealand,-43.53203,172.63665,"Christchurch, New Zealand",64272098118,tgair@bimss.co.nz,,Thomas Gair,Contact,
IES Technologies,distributor,OTHER — New Zealand,-43.37878,172.66231,"Kaiapoi, New Zealand",64800140040,,,,Contact,
Cabinets by Computer,distributor,OTHER — Australia,-37.81363,144.96306,"Melbourne, Australia",61352543274,,,,Contact,
NGV,distributor,OTHER — Australia,-37.81363,144.96306,"Melbourne, Australia",,,,,Contact,
Drillcut,distributor,OTHER — Australia,-37.68588,144.92467,"Broadmeadows, Australia",612000000000,,,,Contact,
Brian Perry Civil,distributor,OTHER — New Zealand,-36.85088,174.76449,"Auckland, New Zealand",6495263500,,,,Contact,
Lims,distributor,OTHER — New Zealand,-36.85088,174.76449,"Auckland NZ, New Zealand",64095713229,lucas@lims-hvac.co.nz,,Lucas James,Contact,
Steel and Tube,distributor,OTHER — New Zealand,-36.85088,174.76449,"Auckland, New Zealand",6445705000,michael.palmer@steelandtube.co.nz,,Michael Palmer,Nicolette Conradie,N.Conradie@Zip-Clip.com
Tracklok,distributor,OTHER — New Zealand,-36.85088,174.76449,"Auckland, New Zealand",64211529136,scott@tracklok.com,,Scott Simpson,Contact,
Jaymel,distributor,OTHER — Australia,-34.84856,138.6714,"Holden Hill, Australia",61885489405,,,,Contact,
AGL,distributor,OTHER — Australia,-34.17107,150.61031,"Macarthur, Australia",,,,,Contact,
Cabstrut,distributor,FIXINGS — George — South Africa,-33.97316,22.46743,"W.J. Agencies: Unit 1, 72 Laing St., George Industria, George, South Africa",044-874-1102,george@cabstrut.co.za,,,Nicolette Conradie,N.Conradie@Zip-Clip.com
Cabstrut,distributor,FIXINGS — Cape Town — South Africa,-33.92584,18.42322,South Africa,021-530-3560,capetown@cabstrut.co.za,,,Nicolette Conradie,N.Conradie@Zip-Clip.com
Cabstrut,distributor,FIXINGS — Port Elizabeth — South Africa,-33.92551,25.57281,South Africa,041-451-2011,portelizabeth@cabstrut.co.za,,,Nicolette Conradie,N.Conradie@Zip-Clip.com
Financial Advice Association Australia,distributor,OTHER — Australia,-33.86225,151.20768,"Sydney, Australia",611000000000,,,,Contact,
Mathspace,distributor,OTHER — Australia,-33.86225,151.20768,"Sydney, Australia",,,,,Contact,
Cabstrut,distributor,FIXINGS — East London — South Africa,-33.00835,27.9045,South Africa,043-722-6272,eastlondon@cabstrut.co.za,,,Nicolette Conradie,N.Conradie@Zip-Clip.com
TES Electrical,distributor,ELECTRICAL — Australia,-32.12135,115.84844,"Cockburn Central, Australia",61401908545,sales@tes-electric.co.uk,,Mike Penny,Contact,
Central Wire Industries,distributor,ELECTRICAL — Canada,-31.9514,115.86168,"Perth, Canada",,jeffrey.keating@centralwire.com,,Jeff Keating,Contact,
Cabstrut,distributor,FIXINGS — Durban — South Africa,-29.8579,31.0292,South Africa,031-573-9400,durban@cabstrut.co.za,,,Nicolette Conradie,N.Conradie@Zip-Clip.com
Cabstrut,distributor,FIXINGS — Johannesburg — South Africa,-26.24959,28.13868,South Africa,011-622-8633,joburg@cabstrut.co.za,,,Nicolette Conradie,N.Conradie@Zip-Clip.com
Cabstrut,distributor,FIXINGS — Pretoria — South Africa,-25.74486,28.18783,South Africa,012-329-6882,pretoria@cabstrut.co.za,,,Nicolette Conradie,N.Conradie@Zip-Clip.com
NCM Distributors (North) Ltd,distributor,OTHER,-17.67417,141.07404,Normanton,442000000000,amy@ncmdistributors.com,,Amy Weeks,Contact,
Ethiopian Airlines,distributor,OTHER — Ethiopia,9.01919,38.75246,"Addis Ababa, Ethiopia",,betelhemtl@ethiopianairlines.com,,Betelhemt Tilahun,Contact,
The University of Queensland,distributor,OTHER — Australia,13.90944,-60.97889,"Saint Lucia, Australia",,,,,Contact,
KK Fasteners,distributor,FIXINGS — India,18.95823,72.83195,"Mumbai India, India",912000000000,,,,Contact,
Climate Control Middle East,distributor,HVAC — United Arab Emirates,25.20485,55.27078,"Dubai, United Arab Emirates",972000000000,,,,Contact,
Welcome to AAES,distributor,OTHER — Qatar,25.28622,51.4204,"Ar Rayyan, Qatar",,,,,Contact,
Motovated,distributor,OTHER — New Zealand,27.99036,-82.30177,"Hillsborough, New Zealand",,alasdair.soja@motovated.co.nz,,Alasdair Soja,Contact,
Kilo-Newton,distributor,OTHER — Israel,31.04605,34.85161,"Israel, Israel",973000000000,nir@kilo-newton.com,,Nir,Contact,
Lightoscope,distributor,OTHER — Israel,31.04605,34.85161,"Israel, Israel",97299550799,benny@lightoscope.net,,Benny Riahi,Contact,
KLM China,distributor,OTHER — China,31.65381,120.75224,"Changshu city, China",8650000000000,,,,Contact,
FN hotelaria,distributor,OTHER — Portugal,32.66076,-16.98675,"Camara de Lobos, Portugal",351000000000,filipefaria@fn-hotelaria.pt,,Filipe Faria,Contact,
Prolux Solutions,distributor,OTHER — Czech Republic,32.74596,-96.99778,"Grand Prairie, Czech Republic",41714474848,markus.huber@prolux-solutions.com,,Markus Huber,Contact,
Victoria Tents,distributor,OTHER — Cyprus,34.67863,33.04131,"Limassol, Cyprus",35725661617,gmproduction@victoriatents.com,,Martinos Babas,Contact,
ISF IKE,distributor,OTHER — Greece,37.98381,23.72754,"Athens Greece, Greece",302000000000,account@isf-ike.gr,,,Contact,
Pemsa,distributor,OTHER — Spain,40.41673,-3.70329,"Madrid Spain, Spain",34918023488,alec.webster@pemsa.co.uk,,Alec Webster,Contact,
Basor,distributor,OTHER — Spain,40.46367,-3.74922,"Spain, Spain",34962876695,info@basor.com,,Nuno Brito,Contact,
Casasan,distributor,OTHER — Spain,40.46367,-3.74922,"Spain, Spain",34948234686,info@casasan.es,,Fabian Sanchez,Contact,
Ventair Distribution,distributor,OTHER — Spain,40.46367,-3.74922,"Spain, Spain",34986280312,,,,Contact,
Climatech International SA,distributor,HVAC — United States,40.71278,-74.00597,"New York, United States",,annesophie.gohy@climatech.be,,,Contact,
Warner Bros. Discovery,distributor,OTHER — United States,40.71278,-74.00597,"New York, United States",12125485555,,,,Contact,
Makes.Events,distributor,OTHER — United States,40.73153,-74.17447,"Newark, United States",13802657385,,,,Contact,
EAE Group,distributor,OTHER — Türkiye,41.00824,28.97836,"Istanbul, Türkiye",,ender.acikalin@eaegroup.com,,Ender ACIKALIN,Contact,
ArdiÃƒÂ§,distributor,OTHER,41.05187,28.8189,Mahmutbey,902000000000,export@ardic.com,,Aziz Azizi,Contact,
Beinfield Architecture,distributor,OTHER — United States,41.11385,-73.40765,"Norwalk, United States",12038385789,,,,Contact,
Expert Engineering SHPK,distributor,OTHER — Albania,41.32755,19.8187,"Tirana, Albania",356000000000,info@experteng.al,,ARTUR DADO,Contact,
PUK Lighting,distributor,ELECTRICAL — Italy,41.87194,12.56738,"Italy, Italy",390000000000,,,,Contact,
UNISET TRADING,distributor,OTHER — Bulgaria,42.13541,24.74529,"Plovdiv Bulgaria, Bulgaria",360000000000,georgi@unisett.com,,Georgi CHERNEV,Contact,
INDEX,distributor,OTHER — Spain,42.46272,-2.44498,"Logrono, Spain",(+34) 941.272.131,tdeppieri@indexfix.com,,THOMAS DEPPIERI,Contact,
Enigma Heating & Cooling,distributor,HVAC — Kosovo,42.6673,21.16431,"Pristina, Kosovo",38344555123,,,,Contact,
KLIMA RODACLIM,distributor,OTHER — France,43.29268,5.56764,"Aubagne, France",,c.graille@klima-rodaclim.com,,Charles GRAILLE,Christophe Vauraz,C.Vauraz@Zip-Clip.com
Tout Pour Le Pro,distributor,OTHER — France,43.60233,7.00649,"Mougins, France",33493750000,py@toutpourlepro.com,,Pierre Yves NOLASCO,Contact,
Loos & Co.,distributor,OTHER — United States,43.70472,-72.51561,"Pomfret, United States",,,,,Contact,
PEKOM Cable tray specialist,distributor,ELECTRICAL — Serbia,43.72385,20.68725,"Kraljevo, Serbia",382000000000,marko.stojanovic@pekom.rs,,MARKO STOJANOVIĆ,Contact,
4imprint,distributor,OTHER — United States,44.02471,-88.54261,"Oshkosh, United States",,ktraverse@4imprint.com,,Katie Traverse,Contact,
Event Services Ireland - Dormant Account,distributor,OTHER,44.05919,-79.46126,Newmarket,353 1 473 7052,,,,Contact,
Casa Verde,distributor,OTHER — Romania,44.42677,26.10254,"Bucuresti, Romania",40733733744,,,,Contact,
CORH S.r.l,distributor,OTHER — Italy,44.77741,7.74056,"CARAMAGNA PIEMONTE Italy, Italy",390000000000,claudio.ruatta@corh.it,,Claudio Rautta,Nicolette Conradie,N.Conradie@Zip-Clip.com
Teknomega,distributor,OTHER — Italy,45.42099,9.11948,"Buccinasco, Italy",390000000000,r.jorio@teknomega.it,,Renato Jorio,Nicolette Conradie,N.Conradie@Zip-Clip.com
FIXA SRL,distributor,OTHER — Italy,45.4685,9.1824,"Milan Italy, Italy",,mdelvecchio@fixasrl.it,,Michele Delvecchio,Nicolette Conradie,N.Conradie@Zip-Clip.com
Teknomega,distributor,OTHER — Italy,45.47907,9.84524,"Lombardy, Italy",390000000000,r.jorio@teknomega.it,,Renato Jorio,Contact,
WSP,distributor,OTHER — Canada,45.50189,-73.56739,"Montréal, Canada",,,,,Contact,
Air Movement Industry,distributor,OTHER — Croatia,45.58354,15.82755,"Pisarovina Croatia, Croatia",,,,,Contact,
Ben-Mor,distributor,OTHER — Canada,45.63069,-72.95634,"Saint-Hyacinthe, Canada",,lvandercar@ben-mor.com,,Luke vandercar,Contact,
Sintra,distributor,OTHER — Italy,45.65444,8.48982,"Pip S. Martino, Italy",390000000000,rossi.lorenzo@sintra-mixind.com,,Lorenzo Rossi,Contact,
FERO TERM,distributor,OTHER — Croatia,45.75566,15.83579,"Gornji Stupnik, Croatia",386000000000,sara.cuk@fero-term.hr,,Sara Cuk,Contact,
Tovica,distributor,OTHER — France,45.76682,5.00366,"Meyzieu, France",33762134671,vcammarata@tovica.fr,,Vito CAMARAT,Christophe Vauraz,C.Vauraz@Zip-Clip.com
Klimaoprema,distributor,OTHER — Croatia,45.80109,15.71105,"Samobor, Croatia",,nikola.stanec@klimaoprema.com,,Nikola Stanec,Contact,
MB Frigo Grupa,distributor,OTHER — Croatia,45.81501,15.98192,"Zagreb, Croatia",,dejan.kolarec@mbfrigo.hr,,Dejan Kolarec,Contact,
AIRVANCE Group,distributor,OTHER — France,45.83346,4.99342,"Beynost, France",,mark.doherty@ukairvancegroup.co.uk,,Mark Doherty,Christophe Vauraz,C.Vauraz@Zip-Clip.com
Tecnosystemi,distributor,OTHER — Italy,45.98743,12.29993,"Vittorio Veneto, Italy",,fabrizio.denardo@tecnosystemi.com,,Fabrizio De Nardo,Steve Goldsworthy,Steve@Zip-Clip.com
Grip One,distributor,OTHER — Romania,46.18656,21.31227,"Arad Romania, Romania",40757070119,office@grip-one.ro,,Alex SICLOVAN,Contact,
Isopartner,distributor,OTHER — Hungary,47.58922,18.92961,"Solymar, Hungary",36202679915,e_gabor@isopartner.hu,,Gabor Felegyhazi,Contact,
MÃƒÂ¼pro,distributor,OTHER — United States,47.67399,-122.1215,"Redmond, United States",3613480440,ane@improfort.com,,Ane,Contact,
RSK,distributor,OTHER — Slovakia,48.20292,17.20449,"Bratislava Vajnory, Slovakia",,,,,Contact,
MEZ-TECHNIK,distributor,OTHER — Germany,48.49437,9.2028,"Reutlingen, Germany",,j.mez@mez-technik.de,,Jorg MEZ,Contact,
Carl Stahl,distributor,OTHER — Germany,48.67985,9.75678,"Sussen, Germany",497000000000000,thomas.krieger@carlstahl-arc.com,,Thomas Krieger,Contact,
Schneider Electric,distributor,ELECTRICAL — France,48.8812,2.18445,"Rueil-Malmaison, France",18887782733,,,,Contact,
C I Lighting,distributor,ELECTRICAL,49.4482,-2.58949,Guernsey,441000000000,steve@cilighting.net,,Steve Rogers,Contact,
Ruck,distributor,OTHER — Germany,49.48134,9.64204,"Boxberg, Germany",,,,,Contact,
Ersigroup,distributor,OTHER — Luxembourg,49.81527,6.12958,"Luxembourg, Luxembourg",,veugui@ersigroup.com,,,Contact,
County Electrical Limited,distributor,ELECTRICAL — United Kingdom,50.1183,-5.54077,"Penzance, United Kingdom",442000000000,dan@lectri-call.co.uk,,,Chris Appleton,
Partridge Ventilation Service & Maintenance Ltd,distributor,HVAC — United Kingdom,50.23302,-5.22667,"Redruth, United Kingdom",441000000000,,,,Chris Appleton,
Kernow Fixings Ltd,distributor,FIXINGS — United Kingdom,50.34038,-4.78343,"St Austell, United Kingdom",01726 624600 Purchasing 624619,,,,Chris Appleton,
031 Edmundson Electrical St Austell,distributor,ELECTRICAL — St Austell — United Kingdom,50.34376,-4.74005,"St Austell Bay Business Park, St Austell, PL25 3RF, United Kingdom",01726 812211,steve.wheatley@eel.co.uk,,STEVE WHEATLEY,Chris Appleton,C.Appleton@zip-clip.com
028 Edmundson Electrical Plymouth,distributor,ELECTRICAL — Plymouth — United Kingdom,50.36791,-4.1592,"Emma Place, Peterborough, PL1 3QT, United Kingdom",01752 668585,dan.cook@eel.co.uk,,DAN COOK,Chris Appleton,C.Appleton@zip-clip.com
Air Duct Systems,distributor,HVAC — United Kingdom,50.37546,-4.14266,"Plymouth, United Kingdom",442000000000,,,,Chris Appleton,
G & R Electrical Wholesalers Ltd,distributor,ELECTRICAL — United Kingdom,50.37546,-4.14266,"Plymouth, United Kingdom",442000000000,,,,Chris Appleton,
N G Bailey Plymouth Office,distributor,OTHER — United Kingdom,50.37546,-4.14266,"Plymouth, United Kingdom",441000000000,david.hurcomb@ngbailey.co.uk,,David Stuart Hurcomb Hurcomb,Chris Appleton,
Rexel - Plymouth Phoenix Business Park,distributor,ELECTRICAL — United Kingdom,50.37546,-4.14266,"Plymouth, United Kingdom",,,,,Chris Appleton,
Hewett Electrical Supplies Ltd,distributor,ELECTRICAL — United Kingdom,50.46192,-3.52531,"Torquay, United Kingdom",442000000000,jeff@hewettelectrical.co.uk,,Jeff Hewett,Chris Appleton,
Hewitt Electrical Supplies Ltd,distributor,ELECTRICAL — United Kingdom,50.46192,-3.52531,"Torquay, United Kingdom",442000000000,,,,Chris Appleton,
Thomas Electrical Distributors,distributor,ELECTRICAL — United Kingdom,50.52891,-3.60836,"Newton Abbot, United Kingdom",442000000000,,,,Contact,
Thomas Electrical Distributors Ltd Newton Abbot,distributor,ELECTRICAL — United Kingdom,50.52891,-3.60836,"Newton Abbot, United Kingdom",442000000000,,,,Contact,
PHC (Powred Heating Components Ltd) Weymouth,distributor,HVAC — United Kingdom,50.60993,-2.45463,"Weymouth, United Kingdom",441000000000,,,,Chris Appleton,
Tube Access,distributor,OTHER — Belgium,50.6477,5.49477,"Grace-Hollogne, Belgium",3242636641,info@tube-access.com,,Taoufik MALEHOU,Contact,
MW Electrical,distributor,ELECTRICAL — United Kingdom,50.69385,-1.30473,"Isle of Wight, United Kingdom",442000000000,info@mwelectrical.co.uk,,Matt Williams,Contact,
Harding Walsall Electrical - 380,distributor,ELECTRICAL — United Kingdom,50.70496,-3.53121,"Grace Road West, United Kingdom",441000000000,,,,Contact,
G W Electrical,distributor,ELECTRICAL — United Kingdom,50.71134,-2.4435,"Dorchester, United Kingdom",441000000000,rob@gw-electrical.co.uk,,Rob Rees,Josh Wade,
Ventilate Limited,distributor,HVAC — United Kingdom,50.71505,-1.98725,"Poole, United Kingdom",441000000000,,,,Chris Appleton,
024 Edmundson Electrical Exeter,distributor,ELECTRICAL — Exeter — United Kingdom,50.72286,-3.47018,"Bittern Road, Exeter, EX2 7LW, United Kingdom",01392 446556,alex.glasson@eel.co.uk,,ALEX GLASSON,Chris Appleton,C.Appleton@zip-clip.com
Rexel - Exeter,distributor,ELECTRICAL — United Kingdom,50.72604,-3.52749,"Exeter, United Kingdom",,,,,Chris Appleton,
Rexel - Poole,distributor,ELECTRICAL — United Kingdom,50.73251,-1.95229,"Parkstone, Poole, United Kingdom",,,,,Chris Appleton,
GW Electrical Distributors Ltd Bridport,distributor,ELECTRICAL — United Kingdom,50.73358,-2.7583,"Bridport, United Kingdom",441000000000,rob@gw-electrical.co.uk,,Rob Rees,Chris Appleton,
Meridian Electrical Contracting,distributor,ELECTRICAL — United Kingdom,50.75853,-1.54191,"Lymington, United Kingdom",448000000000,john@meridianelectrical.co.uk,,John Humphreys,Chris Appleton,
CDM Stravitec,distributor,OTHER — Belgium,50.77056,4.54079,"Overijse, Belgium",3226877907,j.miroir@cdm-stravitec.com,,Justin Miroir,Contact,
Atkinson Electrical Wholesale Ltd,distributor,ELECTRICAL — United Kingdom,50.80048,-1.141,"Gosport, United Kingdom",442000000000,,,,Chris Appleton,
Amp Electrical Supplies Ltd,distributor,ELECTRICAL — United Kingdom,50.81977,-1.08798,"Portsmouth, United Kingdom",442000000000,,,,Toby House,
ABS Electrical Supplies Limited,distributor,ELECTRICAL — United Kingdom,50.82333,-0.13628,"Brighton, United Kingdom",441000000000,marc@abs-electrical.co.uk,,Marc Rewell,Toby House,
USE FUTURLTD,distributor,OTHER — United Kingdom,50.83268,-0.17835,"Middleton Grove, United Kingdom",441000000000,,,,Josh Wade,
BEW Electrical Distributors Ltd - Havant,distributor,ELECTRICAL — United Kingdom,50.85183,-0.98471,"Havant, United Kingdom",,,,,Chris Appleton,
Impulse Electrical Supplies Ltd,distributor,ELECTRICAL — United Kingdom,50.85183,-0.98471,"Havant, United Kingdom",442000000000,,,,Chris Appleton,
Linum Europe,distributor,OTHER — Belgium,50.85407,3.28721,"Kuurne, Belgium",3256359294,,,,Contact,
A T Jones Ltd,distributor,OTHER — United Kingdom,50.85485,-1.18659,"Fareham, United Kingdom",441000000000,,,,Chris Appleton,
Complete Ductwork Ltd,distributor,HVAC — United Kingdom,50.86115,0.24824,"Diplocks Way, United Kingdom",441000000000,,,,Contact,
GGS,distributor,OTHER — United Kingdom,50.86164,0.25649,"Hailsham, United Kingdom",441000000000,,,,Toby House,
Allflow,distributor,OTHER — United Kingdom,50.89031,-1.02875,"Waterlooville, United Kingdom",442000000000,jerry@allflow.co.uk,,Jerry Lawson,Contact,
Templegate Electrical Supplies Ltd - Radstock,distributor,ELECTRICAL — United Kingdom,50.89947,-1.37081,"Radstock Road, United Kingdom",4400000000000,mark.hurley@templegate.co.uk,,Mark Hurley,Chris Appleton,
DCE Electrical,distributor,ELECTRICAL,50.91055,-1.4049,Southampton,442000000000,sam.henry@dceelectrical.co.uk,,SAM HENRY DCE ELECTRICAL,Contact,
HAS Electrical Contractors - No Statement,distributor,ELECTRICAL — United Kingdom,50.91055,-1.4049,"Southampton, United Kingdom",,hugh.smith@haselectrical.co.uk,,Hugh Smith,Toby House,
Peel Fabrications (Southampton) Ltd,distributor,OTHER — United Kingdom,50.91055,-1.4049,"Southampton, United Kingdom",441000000000,m.sahiaoui@icat.ma,,Meriem SAHIAOUI,Toby House,
PHC (Powred Heating Components Ltd) Southampton A,distributor,HVAC — United Kingdom,50.91055,-1.4049,"Southampton, United Kingdom",442000000000,,,,Toby House,
PHC (Powred Heating Components Ltd) Southampton B,distributor,HVAC — United Kingdom,50.91055,-1.4049,"Southampton, United Kingdom",442000000000,,,,Toby House,
Stearn,distributor,OTHER — United Kingdom,50.91055,-1.4049,"Southampton, United Kingdom",441000000000,,,,Toby House,
Vanguard Fixings,distributor,FIXINGS — United Kingdom,50.91055,-1.4049,"Southampton, United Kingdom",442000000000,,,,Toby House,
Workmode Ltd t/a Signmode,distributor,OTHER — United Kingdom,50.91055,-1.4049,"Southampton, United Kingdom",448000000000,,,,Toby House,
Reform Electrical Distributors Ltd,distributor,ELECTRICAL — United Kingdom,50.91412,-1.49859,"Totton, United Kingdom",442000000000,olivia.cosgrove@rm-electrical.com,,Olivia Cosgrove,Chris Appleton,
Bison Industrial Ltd,distributor,OTHER — United Kingdom,50.91547,-1.27575,"Botley, United Kingdom",441000000000,,,,Chris Appleton,
Spectrum Electrical,distributor,ELECTRICAL — United Kingdom,50.94206,-2.63331,"Yeovil, United Kingdom",,,,,Chris Appleton,
Freeway Tools & Fixings,distributor,FIXINGS — United Kingdom,50.95447,-0.1287,"Burgess Hill, United Kingdom",441000000000,,,,Toby House,
Youngs Extract Supplies T/A Vent Vision,distributor,OTHER — United Kingdom,50.96718,-1.37469,"Eastleigh,, United Kingdom",442000000000,,,,Josh Wade,
R & M Electrical Group Ltd - Oxford,distributor,ELECTRICAL — United Kingdom,50.98395,-1.37926,"Chadlers Ford, United Kingdom",442000000000,olivia.cosgrove@rm-electrical.com,,Olivia Cosgrove,Contact,
R & M Electrical Group Ltd - Southampton,distributor,ELECTRICAL — United Kingdom,50.98395,-1.37926,"Chadlers Ford, United Kingdom",442000000000,olivia.cosgrove@rm-electrical.com,,Olivia Cosgrove,Contact,
R & M Electrical Group Ltd - Swansea,distributor,ELECTRICAL — United Kingdom,50.98395,-1.37926,"Chandlers Ford, United Kingdom",442000000000,olivia.cosgrove@rm-electrical.com,,Olivia Cosgrove,Chris Appleton,
Rexel - Chandlers Ford,distributor,ELECTRICAL — United Kingdom,50.98395,-1.37926,"Chandlers Ford, United Kingdom",,,,,Chris Appleton,
Storm Ventilation Supplies Ltd - Romsey,distributor,HVAC — United Kingdom,51.00008,-1.49808,"Greatbridge Road, United Kingdom",TBC,,,,Contact,
Wessex M&E,distributor,OTHER — United Kingdom,51.0046,-2.19808,"Shaftesbury, United Kingdom",4400000000000,ryan.wannell@wessexme.com,,Ryan Wannell,Josh Wade,
Advance Fixing,distributor,FIXINGS — United Kingdom,51.01534,-3.10685,"Taunton, United Kingdom",442000000000,,,,Chris Appleton,
J.A.B Electrical Supplies Ltd Taunton,distributor,ELECTRICAL — United Kingdom,51.01534,-3.10685,"Taunton, United Kingdom",442000000000,,,,Chris Appleton,
Grant & Stone Limited - Bideford,distributor,OTHER — United Kingdom,51.01668,-4.20667,"Bideford, United Kingdom",441000000000,,,,Chris Appleton,
Smart Manufacturing Ltd,distributor,OTHER — United Kingdom,51.01668,-4.20667,"Bideford, United Kingdom",441000000000,,,,Chris Appleton,
J.A.B Electrical Supplies Ltd Wellington,distributor,ELECTRICAL — United Kingdom,51.02249,-3.15611,"Wellington, United Kingdom",442000000000,,,,Toby House,
TDI Tremiver Ltd,distributor,OTHER — United Kingdom,51.05977,-1.31014,"Winchester, United Kingdom",441000000000,,,,Josh Wade,
Grant & Stone Limited - Barnstaple,distributor,OTHER — United Kingdom,51.07816,-4.05834,"Barnstaple, United Kingdom",441000000000,,,,Chris Appleton,
Grant & Stone Limited - Weymouth,distributor,OTHER — United Kingdom,51.07816,-4.05834,"Barnstaple, United Kingdom",441000000000,,,,Chris Appleton,
BEW Electrical Distributors Ltd - Gatwick,distributor,ELECTRICAL — United Kingdom,51.10914,-0.18723,"Crawley, United Kingdom",,,,,Toby House,
Rexel UK Ltd - Crawley,distributor,ELECTRICAL — United Kingdom,51.10914,-0.18723,"Crawley, United Kingdom",,,,,Toby House,
Storm Ventilation Supplies Ltd - Crawley,distributor,HVAC — United Kingdom,51.10914,-0.18723,"Crawley, United Kingdom",441000000000,,,,Toby House,
BEW Electrical Distributors Ltd - Ashford,distributor,ELECTRICAL — United Kingdom,51.13262,0.90932,"Sevington, United Kingdom",,,,,Toby House,
VJ Technology,distributor,OTHER — United Kingdom,51.1451,0.87396,"Ashford, United Kingdom",01233 637695 (opt 4 then 2),jbrunger@vjtechnology.com,,Joanne Warner,Toby House,
Uni Electro,distributor,ELECTRICAL — Germany,51.16569,10.45153,"Germany, Germany",4906196477,,,,Contact,
Supreme Digital Print Ltd,distributor,OTHER — United Kingdom,51.16792,-1.76298,"Amesbury, United Kingdom",442000000000,,,,Josh Wade,
Vizual Koncept,distributor,OTHER — United Kingdom,51.16792,-1.76298,"Amesbury, United Kingdom",448000000000,,,,Josh Wade,
Alpha Wholesale HVAC Ltd,distributor,ELECTRICAL — United Kingdom,51.17361,0.49071,"Marden, Tonbridge, United Kingdom",442000000000,sales@alphawholesale.co.uk,,,Toby House,
Christie & Grey,distributor,OTHER — United Kingdom,51.19504,0.27568,"Tonbridge, United Kingdom",442000000000,,,,Toby House,
Sign 2000 Ltd,distributor,OTHER — United Kingdom,51.19504,0.27568,"Tonbridge, United Kingdom",442000000000,,,,Toby House,
BWV,distributor,OTHER — Belgium,51.2031,4.52256,"Wommelgem, Belgium",32474466104,,,,Contact,
Rexel Senate Ltd - Farnham,distributor,ELECTRICAL — United Kingdom,51.21432,-0.7988,"Farnham, United Kingdom",,,,,Toby House,
Halsion,distributor,OTHER — United Kingdom,51.22301,1.04589,"Petham, United Kingdom",441000000000,,,,Contact,
Deutsche Messe,distributor,OTHER — Germany,51.22304,6.78245,"Duesseldorf, Germany",,,,,Contact,
Tecni Ltd,distributor,OTHER — United Kingdom,51.22498,-2.97803,"Highbridge, United Kingdom",441000000000,dean@tecni.uk,,Dean Manning,Chris Appleton,
Templegate Electrical Supplies Ltd - Stroud,distributor,ELECTRICAL — United Kingdom,51.22848,-2.30936,"Wallbridge, United Kingdom",441000000000,mark.hurley@templegate.co.uk,,Mark Hurley,Contact,
BEW Electrical Distributors Ltd - Guildford,distributor,ELECTRICAL — United Kingdom,51.23622,-0.57041,"Guildford, United Kingdom",,,,,Toby House,
Stock Signs,distributor,OTHER — United Kingdom,51.23921,-0.16988,"Redhill, United Kingdom",01737 774072,josh@stocksigns.co.uk,,Josh Lyne,Toby House,
Technical Fixing Solutions Ltd,distributor,FIXINGS — United Kingdom,51.24226,0.69158,"Ashford Road, United Kingdom",442000000000,,,,Toby House,
Airsmart,distributor,OTHER — Belgium,51.25387,4.49115,"Schoten, Belgium",,manu.nys@airsmart.pro,,Manu Nys,Contact,
Environmental Air Services Ltd - Liquidated,distributor,OTHER — United Kingdom,51.25571,-0.0,"Oxted, United Kingdom",442000000000,,,,Toby House,
SIG - Ash Vale,distributor,OTHER — United Kingdom,51.26438,-0.72197,"Ash Vale, United Kingdom",441000000000,,,,Contact,
R & B Star (Electrical Wholesalers) Ltd,distributor,ELECTRICAL — United Kingdom,51.27041,0.52272,"Maidstone, United Kingdom",442000000000,,,,Toby House,
Regent Electrical Distributors - Sevenoaks,distributor,ELECTRICAL — United Kingdom,51.27241,0.1909,"Sevenoaks, United Kingdom",442000000000,sittingbourne@regentelectrical.com,,Regent Sittingbourne,Toby House,
BEW Electrical Distributors Ltd - Farnborough,distributor,ELECTRICAL — United Kingdom,51.28689,-0.75262,"Farnborough, United Kingdom",,,,,Toby House,
Wates Group,distributor,OTHER — United Kingdom,51.29641,-0.33112,"Leatherhead, United Kingdom",441000000000,,,,Toby House,
BEW Electrical Distributors Ltd - Woking,distributor,ELECTRICAL — United Kingdom,51.31677,-0.56003,"Woking, United Kingdom",,,,,Toby House,
Brymec Ltd - Coulsdon,distributor,OTHER — United Kingdom,51.31994,-0.14127,"Coulsden, United Kingdom",,,,,Contact,
Electroco (Electrical Wholesale) Limited,distributor,ELECTRICAL — United Kingdom,51.3351,-0.26371,"Epsom, United Kingdom",441000000000,jack.stunell@electroco.co.uk,,Jack Stunell,Toby House,
Addlestone Electrical Wholesalers Ltd,distributor,ELECTRICAL — United Kingdom,51.34013,-0.47136,"Byfleet, United Kingdom",442000000000,purchasing@ne-electrical.co.uk,,,Toby House,
Direct Bearings & Power Transmission Ltd,distributor,ELECTRICAL — United Kingdom,51.36016,1.43204,"Broadstairs, United Kingdom",442000000000,,,,Toby House,
Powerpoint Electrics (Cheam) Ltd,distributor,ELECTRICAL — United Kingdom,51.36193,-0.21893,"North Cheam, United Kingdom",442000000000,,,,Toby House,
Thomas Electrical Distributors Ltd Melksham,distributor,ELECTRICAL — United Kingdom,51.37045,-2.13763,"Melksham, United Kingdom",441000000000,,,,Chris Appleton,
CVK Ductwork Services Limited,distributor,HVAC — United Kingdom,51.37092,1.12777,"Herne Bay, United Kingdom",441000000000,,,,Toby House,
Allduct Ventilation Supplies Ltd,distributor,HVAC — United Kingdom,51.3731,0.09755,"Orpington, United Kingdom",442000000000,,,,Toby House,
BEW Electrical Distributors Ltd - Orpington,distributor,ELECTRICAL — United Kingdom,51.3731,0.09755,"Orpington, United Kingdom",,,,,Toby House,
Brymec,distributor,OTHER — United Kingdom,51.37695,-0.09569,"Croydon, United Kingdom",443000000000,paul.clappison@brymec.com,,Paul Clappison,Toby House,
Rexel Croydon,distributor,ELECTRICAL — United Kingdom,51.37695,-0.09569,"Croydon, United Kingdom",,,,,Toby House,
012 Edmundson Electrical Croydon,distributor,ELECTRICAL — Croydon — United Kingdom,51.37726,-0.11265,"30-32 Factory Ln, Croydon, CR0 3RL, United Kingdom",0208 700 0000,andy.howard@eel.co.uk,,Andy Howard,Toby House,T.House@zip-clip.com
Rexel - Bath,distributor,ELECTRICAL — United Kingdom,51.3781,-2.35968,"Bath, United Kingdom",,,,,Chris Appleton,
Price Technical Ltd,distributor,OTHER — United Kingdom,51.38817,-2.8225,"Yatton, United Kingdom",442000000000,,,,Contact,
Balfour Kilpatrick Ltd,distributor,OTHER — United Kingdom,51.39675,-0.10552,"Thornton Heath, United Kingdom",442000000000,,,,Contact,
GFE Electrical Wholesale Ltd - Newbury,distributor,ELECTRICAL — United Kingdom,51.40141,-1.32311,"Newbury, United Kingdom",442000000000,,,,Josh Wade,
Wokingham Electrical & Lighting Supplies Ltd,distributor,ELECTRICAL — United Kingdom,51.41046,-0.83386,"Wokingham, United Kingdom",441000000000,dan@lectri-call.co.uk,,,Toby House,
Rexel - Footscray,distributor,ELECTRICAL — United Kingdom,51.42649,0.10094,"Sidcup, United Kingdom",,,,,Toby House,
Sys-Teams,distributor,OTHER — United Kingdom,51.42883,-0.54788,"Egham, United Kingdom",442000000000,steve.thomas@sys-teams.co.uk,,Steve Thomas,Contact,
N C M Distributors Ltd,distributor,OTHER — United Kingdom,51.44411,-0.41113,"Feltham, United Kingdom",442000000000,amy@ncmdistributors.com,,Amy Weeks,Toby House,
UPS Ltd,distributor,OTHER — United Kingdom,51.44411,-0.41113,"Feltham, United Kingdom",,,,,Toby House,
Air-Fab (Manufacturing) Ltd,distributor,OTHER — United Kingdom,51.44895,-0.38293,"Hanworth, United Kingdom",442000000000,,,,Contact,
Fixings North West Ltd,distributor,FIXINGS — United Kingdom,51.44976,-0.41449,"Glebelands Road, United Kingdom",442000000000,,,,Contact,
Axis Ductwork Ltd,distributor,HVAC — United Kingdom,51.45063,0.05709,"Eltham, United Kingdom",442000000000,,,,Toby House,
Bouygues Group,distributor,OTHER — United Kingdom,51.45451,-2.58791,"Bristol, United Kingdom",441000000000,,,,Chris Appleton,
Denmans Electrical Wholesalers - Accrington,distributor,ELECTRICAL — United Kingdom,51.45451,-2.58791,"Bristol, United Kingdom",441000000000,,,,Chris Appleton,
Field and Lawn Ltd,distributor,OTHER — United Kingdom,51.45451,-2.58791,"Bristol, United Kingdom",,,,,Chris Appleton,
PHC (Powred Heating Components Ltd) Bristol,distributor,HVAC — United Kingdom,51.45451,-2.58791,"Bristol, United Kingdom",441000000000,,,,Chris Appleton,
PHC Parts,distributor,OTHER — United Kingdom,51.45451,-2.58791,"Bristol, United Kingdom",441000000000,,,,Chris Appleton,
Templegate Electrical Supplies Ltd - Bristol,distributor,ELECTRICAL — United Kingdom,51.45451,-2.58791,"Bristol, United Kingdom",441000000000,mark.hurley@templegate.co.uk,,Mark Hurley,Chris Appleton,
Toro Corporation Ltd,distributor,OTHER — United Kingdom,51.45451,-2.58791,"Bristol, United Kingdom",441000000000,,,,Chris Appleton,
BEW Electrical Distributors Ltd - Wandsworth,distributor,ELECTRICAL — United Kingdom,51.45837,-0.18914,"Wandsworth, United Kingdom",,,,,Toby House,
British Electrical & Mfg Co. Ltd - Wandsworth,distributor,ELECTRICAL — United Kingdom,51.45837,-0.18914,"Wandsworth, United Kingdom",442000000000,,,,Toby House,
022 Edmundson Electrical Cardiff,distributor,ELECTRICAL — Cardiff — United Kingdom,51.45894,-3.1968,"Units 5 & 6, Stuart Close, Cardiff, CF11 8EE, United Kingdom",029 2072 9600,sam.alford@eel.co.uk,,SAM ALFORD,Chris Appleton,C.Appleton@zip-clip.com
PHC (Powred Heating Components Ltd) St Werburghs,distributor,HVAC — United Kingdom,51.46974,-2.57404,"St Werburghs, United Kingdom",441000000000,,,,Contact,
Rexel - Heathrow,distributor,ELECTRICAL — United Kingdom,51.47185,-0.40938,"Silver Jubilee Way, United Kingdom",,,,,Contact,
Building Materials Nationwide,distributor,OTHER — United Kingdom,51.48007,-0.86277,"Twyford, United Kingdom",442000000000,markw@buildingmaterials.co.uk,,Mark Winter,Toby House,
Buxton & McNulty Mechanical Services Ltd,distributor,OTHER — United Kingdom,51.48082,0.17467,"Erith, United Kingdom",442000000000,,,,Toby House,
AT & T GB Ltd,distributor,OTHER — United Kingdom,51.48354,-0.30637,"Brentford, United Kingdom",442000000000,,,,Toby House,
Blitz Systems,distributor,OTHER — Australia,51.48371,-3.1681,"Cardiff, Australia",611000000000,,,,Contact,
Focus MEP,distributor,OTHER — United Kingdom,51.48371,-3.1681,"Cardiff, United Kingdom",,lee.davies@focusmep.co.uk,,Lee Davis,Chris Appleton,
PHC (Powred Heating Components Ltd) Cardiff,distributor,HVAC — United Kingdom,51.48371,-3.1681,"Cardiff, United Kingdom",443000000000,,,,Chris Appleton,
Sawdon Ductwork Ltd,distributor,HVAC — United Kingdom,51.48372,-0.52516,"Colnbrook, United Kingdom",442000000000,,,,Toby House,
Herschel Infrared,distributor,OTHER — United Kingdom,51.49238,-2.61989,"Westbury on Trym, United Kingdom",18007014495,eduardo.eggleton@herschel-infrared.com,,Eduardo Eggleton,Josh Wade,
Bouygues London Office,distributor,OTHER — United Kingdom,51.49351,-0.11784,"Lambeth, United Kingdom",442000000000,,,,Contact,
FETA,distributor,OTHER — United Kingdom,51.49456,-0.84408,"Hare Hatch, United Kingdom",441000000000,chris.yates@feta.co.uk,,Chris Yates,Contact,
Meridian Concepts,distributor,OTHER — Australia,51.50101,-0.19328,"Kensington, Australia",61413936126,,,,Contact,
Moss Electrical Ltd - Bridgend,distributor,ELECTRICAL — United Kingdom,51.50429,-3.57694,"Bridgend, United Kingdom",442000000000,dan@lectri-call.co.uk,,,Chris Appleton,
Total Electrical Distributors Ltd,distributor,ELECTRICAL — United Kingdom,51.50429,-3.57694,"Bridgend, United Kingdom",442000000000,,,,Chris Appleton,
Allduct Equipment Supplies Ltd,distributor,HVAC — United Kingdom,51.50722,-0.12759,"London, United Kingdom",442000000000,,,,Toby House,
Balfour Beatty Group,distributor,OTHER — United Kingdom,51.50722,-0.12759,"London, United Kingdom",442000000000,,,,Toby House,
BJ Hardware Ltd,distributor,FIXINGS — United Kingdom,51.50722,-0.12759,"London, United Kingdom",442000000000,,,,Toby House,
CEF,distributor,OTHER — United Kingdom,51.50722,-0.12759,"London, United Kingdom",4400000000000,,,,Toby House,
CEF,distributor,OTHER — United Kingdom,51.50722,-0.12759,"London, United Kingdom",442000000000,,,,Toby House,
CEF Fulham,distributor,ELECTRICAL — United Kingdom,51.50722,-0.12759,"London, United Kingdom",442000000000,,,,Toby House,
CEF Kensington North,distributor,ELECTRICAL — United Kingdom,51.50722,-0.12759,"London, United Kingdom",442000000000,,,,Toby House,
CET,distributor,OTHER — United Kingdom,51.50722,-0.12759,"London, United Kingdom",,,,,Toby House,
Control Electrical Suppliers Ltd,distributor,ELECTRICAL — United Kingdom,51.50722,-0.12759,"London, United Kingdom",442000000000,,,,Toby House,
CSS Electrical Distributors Ltd,distributor,ELECTRICAL — United Kingdom,51.50722,-0.12759,"London, United Kingdom",442000000000,,,,Toby House,
Delta Display Ltd,distributor,OTHER — United Kingdom,51.50722,-0.12759,"London, United Kingdom",442000000000,,,,Toby House,
Direct Air Supplies Ltd,distributor,OTHER — United Kingdom,51.50722,-0.12759,"London, United Kingdom",442000000000,,,,Toby House,
Edmundson Electrical Ltd Docklands,distributor,ELECTRICAL,51.50722,-0.12759,London,442000000000,dan@lectri-call.co.uk,,,Contact,
Edumundsons Electrical,distributor,ELECTRICAL,51.50722,-0.12759,London,442000000000,,,,Contact,
Electrical Industries Charity,distributor,ELECTRICAL — United Kingdom,51.50722,-0.12759,"London, United Kingdom",4400000000000,,,,Toby House,
Emtec Southern,distributor,OTHER — United Kingdom,51.50722,-0.12759,"London, United Kingdom",4400000000000,scott.newson@emtecsouthern.co.uk,,Scott Newson,Toby House,
eyre&elliston,distributor,OTHER,51.50722,-0.12759,London,442000000000,,,,Contact,
Firecracker Works Ltd,distributor,OTHER — United Kingdom,51.50722,-0.12759,"London, United Kingdom",442000000000,,,,Toby House,
Gardner & Co,distributor,OTHER,51.50722,-0.12759,London,442000000000,brian.hart@gardnerco.net,,Brian Hart,Contact,
Ghir Electrical Supplies Limited,distributor,ELECTRICAL — United Kingdom,51.50722,-0.12759,"London, United Kingdom",442000000000,info@ghirelectrical.co.uk,,Bob Ghir/Ron,Toby House,
Goodwin and Goodwin,distributor,OTHER — United Kingdom,51.50722,-0.12759,"London, United Kingdom",442000000000,simon@goodwinandgoodwin.com,,Simon,Toby House,
Harvey Nichols Group Ltd,distributor,OTHER — United Kingdom,51.50722,-0.12759,"London, United Kingdom",441000000000,,,,Toby House,
Kier London Office,distributor,OTHER — United Kingdom,51.50722,-0.12759,"London, United Kingdom",,,,,Toby House,
Lawton Connections,distributor,OTHER — United Kingdom,51.50722,-0.12759,"London, United Kingdom",442000000000,,,,Toby House,
Lidl Great Britain Ltd,distributor,OTHER — United Kingdom,51.50722,-0.12759,"London, United Kingdom",,,,,Toby House,
London & Kent Electrical Ltd,distributor,ELECTRICAL — United Kingdom,51.50722,-0.12759,"London, United Kingdom",442000000000,dan@lectri-call.co.uk,,,Toby House,
Mace Group,distributor,OTHER — United Kingdom,51.50722,-0.12759,"London, United Kingdom",442000000000,,,,Toby House,
Mega Creative Ltd,distributor,OTHER — United Kingdom,51.50722,-0.12759,"London, United Kingdom",448000000000,joe@megacreative.co.uk,,Joe Lynch,Toby House,
Mitie UK Facilities Management,distributor,OTHER — United Kingdom,51.50722,-0.12759,"London, United Kingdom",443000000000,marcus.white@mitie.com,,Marcus White,Toby House,
Morgan Sindall Group,distributor,OTHER — United Kingdom,51.50722,-0.12759,"London, United Kingdom",444000000000,,,,Toby House,
N G Bailey London Office,distributor,OTHER — United Kingdom,51.50722,-0.12759,"London, United Kingdom",442000000000,david.hurcomb@ngbailey.co.uk,,David Stuart Hurcomb Hurcomb,Toby House,
Network Rail,distributor,OTHER — United Kingdom,51.50722,-0.12759,"London, United Kingdom",,,,,Toby House,
Orissa Design Ltd t/a Inlighting,distributor,ELECTRICAL — United Kingdom,51.50722,-0.12759,"London, United Kingdom",448000000000,,,,Toby House,
Rexel,distributor,ELECTRICAL — United Kingdom,51.50722,-0.12759,"London, United Kingdom",,,,,Toby House,
Rexel,distributor,ELECTRICAL — United Kingdom,51.50722,-0.12759,"London, United Kingdom",,,,,Toby House,
Rexel - Bermondsey,distributor,ELECTRICAL — United Kingdom,51.50722,-0.12759,"London, United Kingdom",,,,,Toby House,
Rubix Group,distributor,OTHER — United Kingdom,51.50722,-0.12759,"London, United Kingdom",442000000000,,,,Toby House,
Seen Displays Limited,distributor,OTHER — United Kingdom,51.50722,-0.12759,"London, United Kingdom",,,,,Toby House,
TOPMAN,distributor,OTHER — United Kingdom,51.50722,-0.12759,"London, United Kingdom",020 7927 0517 Ext 2517,,,,Toby House,
Travel For London,distributor,OTHER — United Kingdom,51.50722,-0.12759,"London, United Kingdom",443000000000,,,,Toby House,
Wibe Group,distributor,OTHER — United Kingdom,51.50722,-0.12759,"London, United Kingdom",46705092222,nicklas.lind@wibe-group.com,,Nicklas Lind,Toby House,
BEW Electrical Distributors Ltd - Heathrow,distributor,ELECTRICAL — United Kingdom,51.50772,-0.47268,"West Drayton, United Kingdom",,,,,Toby House,
Clevertronics International UK Ltd,distributor,OTHER — United Kingdom,51.50772,-0.47268,"West Drayton, United Kingdom",442000000000,,,,Toby House,
GFE Electrical Wholesale Ltd - Slough,distributor,ELECTRICAL — United Kingdom,51.51054,-0.59504,"Slough, United Kingdom",442000000000,,,,Toby House,
Rapid Electrical Distributors Ltd,distributor,ELECTRICAL — United Kingdom,51.51054,-0.59504,"Slough, United Kingdom",442000000000,simon@rapidelectrical.com,,Simon Evans,Toby House,
SIG - Slough (West London),distributor,OTHER — United Kingdom,51.51054,-0.59504,"Slough, United Kingdom",,,,,Toby House,
Mechanical Air Supplies Ltd - Hayes Middlesex,distributor,OTHER — United Kingdom,51.51769,-0.43602,"Hayes, United Kingdom",442000000000,,,,Toby House,
Mechanical Air Supplies Ltd - Rainham,distributor,OTHER — United Kingdom,51.51773,0.19483,"Rainham, United Kingdom",442000000000,,,,Toby House,
J.A. Glover Ltd - Stratford,distributor,OTHER — United Kingdom,51.51895,0.0132,"Canning Town, United Kingdom",442000000000,,,,Toby House,
Excel (Portam) Ltd,distributor,OTHER — United Kingdom,51.52116,0.29435,"South Ockendon, United Kingdom",442000000000,,,,Toby House,
BEW Electrical Distributors Ltd - Maidenhead,distributor,ELECTRICAL — United Kingdom,51.52256,-0.72431,"Maidenhead, United Kingdom",,,,,Toby House,
Rexel - Park Royal Hub,distributor,ELECTRICAL — United Kingdom,51.52786,-0.26182,"Park Royal, United Kingdom",,,,,Toby House,
014 Edmundson Electrical Barking,distributor,ELECTRICAL — Barking — United Kingdom,51.53215,0.10453,"Unit 3, Barking, IG11 0AW, United Kingdom",0208 594 7121,paul.morrish@eel.co.uk,,PAUL MORRISH,Toby House,T.House@zip-clip.com
Barnvale,distributor,OTHER — United Kingdom,51.53774,0.07613,"Barking, United Kingdom",442000000000,,,,Toby House,
Electricbase - Bolton,distributor,ELECTRICAL — United Kingdom,51.53903,-0.14255,"Camden Town, United Kingdom",441000000000,,,,Toby House,
Rexel - Dagenham,distributor,ELECTRICAL — United Kingdom,51.54026,0.14821,"Dagenham, United Kingdom",,,,,Toby House,
PG Events,distributor,OTHER — United Kingdom,51.5414,-1.90232,"Wootton Bassett, United Kingdom",442000000000,,,,Contact,
GHT Plastering Services Ltd,distributor,OTHER — United Kingdom,51.54159,-2.41432,"Yate, United Kingdom",441000000000,,,,Chris Appleton,
021 Edmundson Electrical Bedminster (Bristol),distributor,ELECTRICAL — Bedminster (Bristol) — United Kingdom,51.54252,-2.5764,"Malago Road, Bristol, BS32 4RX, United Kingdom",0117 966 6851,ryan.martin@eel.co.uk,,RYAN MARTIN,Chris Appleton,C.Appleton@zip-clip.com
Tenn Ltd,distributor,OTHER — United Kingdom,51.5462,-3.59363,"Bryn Road, Tondu, United Kingdom",02921 695410 A/c's-01633815800,,,,Chris Appleton,
Outback Rigging Ltd,distributor,OTHER — United Kingdom,51.5485,-0.47961,"Uxbridge, United Kingdom",442000000000,,,,Toby House,
BEW Electrical Distributors Ltd - Ilford,distributor,ELECTRICAL — United Kingdom,51.55623,0.07183,"Ilford, United Kingdom",,,,,Toby House,
DP Building Systems,distributor,OTHER — United Kingdom,51.55707,-0.28597,"Brent, United Kingdom",441000000000,paul@dpbuildingsystems.co.uk,,Paul McMahon,Toby House,
Current Electrical Supplies Ltd,distributor,ELECTRICAL — United Kingdom,51.55814,-1.77983,"Swindon, United Kingdom",442000000000,,,,Toby House,
Grant & Stone,distributor,OTHER — United Kingdom,51.55814,-1.77983,"Swindon, United Kingdom",,,,,Toby House,
PHC (Powred Heating Components Ltd) Swindon,distributor,HVAC — United Kingdom,51.55814,-1.77983,"Swindon, United Kingdom",442000000000,,,,Toby House,
Potter & Son (Swindon) Ltd,distributor,OTHER — United Kingdom,51.55814,-1.77983,"Swindon, United Kingdom",442000000000,,,,Toby House,
Rexel - Swindon,distributor,ELECTRICAL — United Kingdom,51.55814,-1.77983,"Swindon, United Kingdom",,,,,Toby House,
Roberts & Prowse (Swindon) Limited,distributor,OTHER — United Kingdom,51.55814,-1.77983,"Swindon, United Kingdom",442000000000,,,,Toby House,
M&E Solutions Ltd,distributor,OTHER — United Kingdom,51.56225,0.2186,"Hornchurch, United Kingdom",,,,,Toby House,
Quantum Electrical Distributors Ltd,distributor,ELECTRICAL — United Kingdom,51.5627,-1.77893,"Fleming Way, United Kingdom",441000000000,,,,Contact,
ASG (Essex) Ltd,distributor,OTHER — United Kingdom,51.57608,0.48874,"Basildon, United Kingdom",441000000000,,,,Toby House,
Merson Signs - Basildon,distributor,OTHER — United Kingdom,51.57608,0.48874,"Basildon, United Kingdom",441000000000,,,,Toby House,
Storm Ventilation Supplies Ltd - Basildon,distributor,HVAC — United Kingdom,51.57608,0.48874,"Basildon, United Kingdom",441000000000,,,,Toby House,
Storm Ventilation Supplies Ltd - Bourne End,distributor,HVAC — United Kingdom,51.57651,-0.71007,"Bourne End, United Kingdom",442000000000,,,,Toby House,
Rexel - Romford,distributor,ELECTRICAL — United Kingdom,51.57752,0.17858,"Romford, United Kingdom",,,,,Toby House,
Rage Electrical Wholesale Ltd,distributor,ELECTRICAL — United Kingdom,51.57883,-3.21813,"Caerphilly, United Kingdom",443000000000,,,,Chris Appleton,
Rexel - Basildon,distributor,ELECTRICAL — United Kingdom,51.58885,0.49099,"Paycocke Rad, United Kingdom",,,,,Contact,
Genix Imaging Ltd,distributor,OTHER — United Kingdom,51.58903,-0.0598,"Tottenham Hale, United Kingdom",442000000000,,,,Contact,
London Ductwork Services Ltd t/a RDS,distributor,HVAC — United Kingdom,51.59127,0.02647,"South Woodford, United Kingdom",442000000000,,,,Contact,
PHC (Powred Heating Components Ltd) Swansea,distributor,HVAC — United Kingdom,51.62144,-3.94365,"Swansea, United Kingdom",442000000000,,,,Chris Appleton,
RDM,distributor,OTHER — United Kingdom,51.62144,-3.94365,"Swansea, United Kingdom",442000000000,,,,Chris Appleton,
Skanska,distributor,OTHER — United Kingdom,51.62545,-0.51088,"Maple Cross, United Kingdom",442000000000,,,,Contact,
Sentinel Contracting,distributor,OTHER — United Kingdom,51.6279,0.4184,"Billericay, United Kingdom",441000000000,,,,Contact,
Casaire Ltd,distributor,OTHER — United Kingdom,51.62861,-0.74823,"High Wycombe, United Kingdom",441000000000,kevin.knight@casaire.co.uk,,Kevin Knight,Toby House,
GLT Electrical Wholesale Ltd - High Wycombe,distributor,ELECTRICAL — United Kingdom,51.62861,-0.74823,"High Wycombe, United Kingdom",441000000000,,,,Toby House,
Smartcomm Ltd,distributor,OTHER — United Kingdom,51.62861,-0.74823,"High Wycombe, United Kingdom",441000000000,,,,Toby House,
026 Edmundsons Electrical SWANSEA,distributor,ELECTRICAL — SWANSEA — United Kingdom,51.63577,-3.97089,"Cwmdu Industrial Estate, Camarthen Road, Sutton Coldfield, SA5 8JF, United Kingdom",01792 583777,matthew.jones@eel.co.uk,,MATTHEW JONES,Chris Appleton,C.Appleton@zip-clip.com
GLT Electrical Wholesale Ltd - Oxford,distributor,ELECTRICAL — United Kingdom,51.63595,-0.78083,"Mill End Road, United Kingdom",442000000000,,,,Contact,
Trust Electrical Supplies Ltd,distributor,ELECTRICAL — United Kingdom,51.64689,-3.13552,"Abercarn, United Kingdom",441000000000,,,,Chris Appleton,
Ideal Lights,distributor,OTHER,51.64966,-3.03179,Cwmbran,442000000000,dan.etherington@ideallights.co.uk,,,Contact,
Vent Air Fabrications Ltd,distributor,OTHER — United Kingdom,51.64966,-3.03179,"Cwmbran, United Kingdom",442000000000,m.sahiaoui@icat.ma,,Meriem SAHIAOUI,Chris Appleton,
Vent Air Systems Ltd,distributor,OTHER — United Kingdom,51.64966,-3.03179,"Cumbran, United Kingdom",442000000000,,,,Contact,
Eiger Safety Installations,distributor,OTHER — United Kingdom,51.65594,0.06816,"Loghton, United Kingdom",449000000000,,,,Contact,
LH Evans Wholesale Electrical Distributors,distributor,ELECTRICAL — United Kingdom,51.65699,-3.80548,"Neath, United Kingdom",4400000000000,matthew.bailey@lhevans.co.uk,,Matthew Bailey,Contact,
Bemco,distributor,OTHER — United Kingdom,51.66113,-0.39702,"Watford, United Kingdom",442000000000,london@bemco.co.uk,,,Toby House,
Jolec Electrical Supplies LTD,distributor,ELECTRICAL,51.66113,-0.39702,Watford,442000000000,wayne@jolec.co.uk,,Wayne Harron,Contact,
Jolec Electrical Supplies Ltd,distributor,ELECTRICAL — United Kingdom,51.66113,-0.39702,"Watford, United Kingdom",442000000000,wayne@jolec.co.uk,,Wayne Harron,Toby House,
Stylographics Ltd,distributor,OTHER — United Kingdom,51.66113,-0.39702,"Watford, United Kingdom",01923 80666,,,,Toby House,
Vinci Construction Group,distributor,OTHER — United Kingdom,51.66113,-0.39702,"Watford, United Kingdom",01923 23343,,,,Toby House,
EBS Automation Ltd,distributor,OTHER — United Kingdom,51.68089,-4.16025,"Llanelli, United Kingdom",442000000000,,,,Chris Appleton,
TJ Electrical Wholesale Ltd,distributor,ELECTRICAL — United Kingdom,51.68089,-4.16025,"Llanelli, United Kingdom",442000000000,paul@tj-electrical.com,,Paul Jones,Chris Appleton,
Medlock Electrical Distrbutors - Crayford,distributor,ELECTRICAL — United Kingdom,51.68584,-0.0331,"Waltham Cross, United Kingdom",441000000000,,,,Toby House,
Christmas Creations,distributor,OTHER — United Kingdom,51.68764,-0.34545,"Blackbirds Lane, United Kingdom",442000000000,alex@christmas-creations.com,,Alex Walters Walters,Contact,
Astles Electrical Wholesalers LTD,distributor,ELECTRICAL — United Kingdom,51.69454,-0.73755,"Prestwood, United Kingdom",441000000000,,,,Toby House,
Dragons Breath - Lilac Orchard Ltd,distributor,OTHER — United Kingdom,51.71431,-5.0427,"Milford Haven, United Kingdom",442000000000,,,,Chris Appleton,
Prokura,distributor,OTHER — United Kingdom,51.71849,-1.96824,"Cirencester, United Kingdom",441000000000,wp@prokura.co.uk,,Warwick Pocock,Chris Appleton,
025 Edmundson Electrical Milford Haven,distributor,ELECTRICAL — Milford Haven — United Kingdom,51.72632,-5.03104,"Thornton Industrial Estate, Middlesborough, SA73 2RR, United Kingdom",01646 693602,john.farrugia@eel.co.uk,,John Farrugia,Gemma Lawless,G.Lawless@zip-clip.com
Tec Supplies Group Ltd,distributor,OTHER — United Kingdom,51.73181,0.67145,"Maldon, United Kingdom",441000000000,craigh@tec-supplies.com,,Craig Humphryes,Toby House,
Storm Ventilation Supplies Ltd - Welham Green,distributor,HVAC — United Kingdom,51.73473,-0.21695,"Welham Green, United Kingdom",442000000000,lee@green.supplies,,Lee Green,Toby House,
Welham Electrical Wholesalers,distributor,ELECTRICAL,51.73473,-0.21695,Welham Green,4400000000000,stel@welham-elec.co.uk,,Stel Theodorou,Contact,
AC Fixings LTD,distributor,FIXINGS,51.73559,0.46855,Chelmsford,441000000000,,,,Contact,
BEW Electrical Distributors Ltd - Bermondsey,distributor,ELECTRICAL — United Kingdom,51.73559,0.46855,"Chelmsford, United Kingdom",,,,,Toby House,
BEW Electrical Distributors Ltd - Chelmsford,distributor,ELECTRICAL — United Kingdom,51.73559,0.46855,"Chelmsford, United Kingdom",,,,,Toby House,
BEW Electrical Distributors Ltd - London,distributor,ELECTRICAL — United Kingdom,51.73559,0.46855,"Chelmsford, United Kingdom",,,,,Toby House,
BEW Electrical Distributors Ltd - Sheldon Birmingham,distributor,ELECTRICAL — United Kingdom,51.73559,0.46855,"Chelmsford, United Kingdom",,,,,Toby House,
Grip Fixings Ltd - Chelmsford,distributor,FIXINGS — United Kingdom,51.73559,0.46855,"Chelmsford, United Kingdom",441000000000,cambridge@gripfixings.com,,Brian Hunt,Toby House,
L & B (Essex) Ltd,distributor,OTHER — United Kingdom,51.73559,0.46855,"Chelmsford, United Kingdom",441000000000,,,,Toby House,
UK Electrical Wholesale,distributor,ELECTRICAL — United Kingdom,51.73559,0.46855,"Chelmsford, United Kingdom",441000000000,,,,Toby House,
Cable Termination Components Ltd,distributor,ELECTRICAL — United Kingdom,51.74388,-2.27903,"Stonehouse, United Kingdom",441000000000,,,,Chris Appleton,
036 Edmundson Electrical Chelmsford,distributor,ELECTRICAL — Chelmsford — United Kingdom,51.74881,0.51922,"Unit 1, 1 Sheepcotes, Springfield Business Park, Chelmsford, CM2 5AE, United Kingdom",01245 449000,bradley.rodwell@eel.co.uk,,BRADLEY RODWELL,Toby House,T.House@zip-clip.com
Beelex Electrical Limited,distributor,ELECTRICAL — United Kingdom,51.75088,-0.33977,"St Albans, United Kingdom",442000000000,dan@lectri-call.co.uk,,,Toby House,
Unipart Group,distributor,OTHER — United Kingdom,51.75202,-1.25773,"Oxford, United Kingdom",448000000000,paul.hales@unipart.com,,Paul Hales,Toby House,
Gil-Lec Ltd,distributor,OTHER — United Kingdom,51.75324,-0.44863,"Hemel Hempstead, United Kingdom",441000000000,,,,Toby House,
GLT Electrical Wholesale Ltd - Hemel Hempstead,distributor,ELECTRICAL — United Kingdom,51.75324,-0.44863,"Hemel Hempstead, United Kingdom",441000000000,,,,Toby House,
HERTS ELECTRICAL WHOLESALE LIMITED,distributor,ELECTRICAL — United Kingdom,51.76001,-0.01504,"Hoddesdon, United Kingdom",442000000000,sbeevor@herts-electrical.co.uk,,Stuart Beevor,Toby House,
Melissa Electrical Distributors Limited,distributor,ELECTRICAL — United Kingdom,51.76001,-0.01504,"Hoddesdon, United Kingdom",442000000000,tim@melissaelectrical.org.uk,,Tim Garlinge,Toby House,
Planned Environmental Services,distributor,OTHER — United Kingdom,51.76095,0.54817,"Boreham, United Kingdom",441000000000,,,,Contact,
ASG Warwick,distributor,OTHER — United Kingdom,51.76684,0.47578,"Essex, United Kingdom",2476608200,,,,Contact,
Edumundsons Chelmsford,distributor,OTHER,51.76684,0.47578,Essex,441000000000,,,,Contact,
Rexel Harlow,distributor,ELECTRICAL — United Kingdom,51.76684,0.47578,"Essex, United Kingdom",,,,,Contact,
UK Electrical Wholesalers Ltd (Chelmsford),distributor,ELECTRICAL,51.76684,0.47578,Essex,441000000000,,,,Contact,
Andrews & Hart,distributor,OTHER — United Kingdom,51.76779,0.08781,"Harlow, United Kingdom",441000000000,info@andrewsandhart.co.uk,,,Toby House,
Y.E.S.S.S Ltd Harlow,distributor,ELECTRICAL — United Kingdom,51.76779,0.08781,"Harlow, United Kingdom",441000000000,shane.cartwright@yess.co.uk,,Shane Cartwright,Toby House,
J.A. Glover Ltd - Oxford,distributor,OTHER — United Kingdom,51.77217,-1.07161,"Worminghall, United Kingdom",,,,,Contact,
C D Wright,distributor,OTHER — United Kingdom,51.78215,-0.58978,"Northchurch, United Kingdom",441000000000,,,,Toby House,
D S Ducts Ltd,distributor,OTHER — United Kingdom,51.79576,-0.08116,"Hertford, United Kingdom",442000000000,,,,Toby House,
Duct and Vent LTD,distributor,HVAC — United Kingdom,51.79576,-0.08116,"Hertford, United Kingdom",442000000000,orders@ductandvent.co.uk,,James Coe,Toby House,
Axiom Building Services,distributor,OTHER — United Kingdom,51.82367,-2.27756,"Quedgeley, United Kingdom",,,,,Contact,
Medlock Electrical Distributors - Gloucester,distributor,ELECTRICAL — United Kingdom,51.82367,-2.27756,"Quedgeley, United Kingdom",441000000000,,,,Contact,
Worcester Electrical Distributors Ltd - Abergavenny,distributor,ELECTRICAL — United Kingdom,51.82537,-3.01942,"Abergavenny, United Kingdom",442000000000,timgreen@worcesterelectrical.co.uk,,Tim Green,Chris Appleton,
Mark Lovell,distributor,OTHER — United Kingdom,51.82597,1.14263,"Little Clacton, United Kingdom",448000000000,,,,Contact,
V & C Ventilation Ltd,distributor,HVAC — United Kingdom,51.85294,-2.26689,"Hempsted, United Kingdom",441000000000,,,,Contact,
Rexel Gloucester,distributor,ELECTRICAL — United Kingdom,51.86424,-2.23816,"Gloucester, United Kingdom",,,,,Chris Appleton,
Rexel - Luton,distributor,ELECTRICAL — United Kingdom,51.87867,-0.42003,"Luton, United Kingdom",,,,,Toby House,
Eifion D Roberts,distributor,OTHER — United Kingdom,51.88469,-3.99143,"Llandeilo, United Kingdom",442000000000,,,,Contact,
BEW Electrical Distributors Ltd - Colchester,distributor,ELECTRICAL — United Kingdom,51.89593,0.89187,"Colchester, United Kingdom",,,,,Josh Wade,
Bury Fixings Group,distributor,FIXINGS — United Kingdom,51.89593,0.89187,"Colchester, United Kingdom",448000000000,,,,Josh Wade,
P & M Electrical Wholesale Ltd,distributor,ELECTRICAL — United Kingdom,51.89593,0.89187,"Colchester, United Kingdom",441000000000,,,,Josh Wade,
Surefix Industrial Supplies,distributor,OTHER — United Kingdom,51.89643,-2.07431,"Cheltenham, United Kingdom",441000000000,,,,Chris Appleton,
Templegate Electrical Supplies Ltd - Gloucester,distributor,ELECTRICAL — United Kingdom,51.89643,-2.07431,"Cheltenham, United Kingdom",441000000000,mark.hurley@templegate.co.uk,,Mark Hurley,Chris Appleton,
Aask Us Ltd,distributor,OTHER — United Kingdom,51.9,-1.15315,"Bicester, United Kingdom",442000000000,,,,Toby House,
Light City Ltd,distributor,OTHER — United Kingdom,51.90323,-0.1852,"Stevenage, United Kingdom",441000000000,james@lightcity.uk,,James Plester,Toby House,
BAKS,distributor,OTHER — Poland,51.91944,19.14514,"Poland, Poland",48227108100,jacek.kwiatkowski@baks.com.pl,,Jacek Kwiatkowski,Contact,
Staalkabelstunter,distributor,OTHER — Netherlands,51.93303,5.62971,"Opheusden, Netherlands",31488410119,pieter@staalkabelstunter.com,,Pieter van Walsem,Contact,
ASM Engineering Ltd,distributor,OTHER — United Kingdom,51.94921,-0.28341,"Hitchin, United Kingdom",441000000000,,,,Toby House,
Asset Fixings & Tools Ltd,distributor,FIXINGS — United Kingdom,51.94921,-0.28341,"Hitchin, United Kingdom",441000000000,,,,Toby House,
Quicksharp Ltd,distributor,OTHER — United Kingdom,51.98119,-1.00939,"Gawcott, United Kingdom",441000000000,,,,Contact,
Rexel - Milton Keynes Mount Farm,distributor,ELECTRICAL — United Kingdom,52.00218,-0.75014,"Bletchley, United Kingdom",,,,,Toby House,
Rexel - Preston,distributor,ELECTRICAL — United Kingdom,52.03286,1.17666,"Fletcher Road, United Kingdom",,,,,Contact,
Rexel - Hereford,distributor,ELECTRICAL — United Kingdom,52.0564,-2.71597,"Hereford, United Kingdom",,,,,Chris Appleton,
OCS Global Facilities management,distributor,OTHER — United Kingdom,52.05967,1.14809,"Ipswich, United Kingdom",,,,,Toby House,
SIG Fixings Ltd - Ipswich,distributor,FIXINGS — United Kingdom,52.05967,1.14809,"Ipswich, United Kingdom",,,,,Toby House,
Cromwell Tools Banbury,distributor,OTHER — United Kingdom,52.0629,-1.33977,"Banbury, United Kingdom",441000000000,,,,Josh Wade,
JBM Electrical Portsmouth - 406,distributor,ELECTRICAL — United Kingdom,52.06919,-1.374,"Drayton, United Kingdom",442000000000,,,,Toby House,
038 Edmundson Electrical Ipswich,distributor,ELECTRICAL — Ipswich — United Kingdom,52.0819,1.11591,"11 Arkwright Road,, Hadleigh Road Industrial Estate, Hull, IP1 5NX, United Kingdom",01473 744777,steve.button@eel.co.uk,,STEVE BUTTON,Gemma Lawless,G.Lawless@zip-clip.com
Worcester Electrical Distributors Ltd - Evesham,distributor,ELECTRICAL — United Kingdom,52.09215,-1.94677,"Evesham, United Kingdom",441000000000,timgreen@worcesterelectrical.co.uk,,Tim Green,Contact,
Speller Metcalfe,distributor,OTHER — United Kingdom,52.11165,-2.32607,"Great Malvern, United Kingdom",,,,,Contact,
Powerworks Wholesale Limited,distributor,ELECTRICAL — United Kingdom,52.11792,-0.49679,"Kempston, United Kingdom",441000000000,books@powerworkswholesale.co.uk,,Books Rattu,Toby House,
BEW Electrical Distributors Ltd - Bedford,distributor,ELECTRICAL — United Kingdom,52.13866,-0.46677,"Bedford, United Kingdom",,,,,Toby House,
Cable Management Warehouse,distributor,ELECTRICAL — United Kingdom,52.13866,-0.46677,"Bedford, United Kingdom",441000000000,,,,Toby House,
GDA Electrical Wholesaler LTD,distributor,ELECTRICAL — United Kingdom,52.13866,-0.46677,"Bedford, United Kingdom",441000000000,,,,Toby House,
Greenmill AC,distributor,OTHER — United Kingdom,52.13866,-0.46677,"Bedford, United Kingdom",441000000000,purchasing@greenmillac.com,,,Toby House,
Kier Bedfordshire Office,distributor,OTHER — United Kingdom,52.17059,-0.2918,"Tempsford, United Kingdom",,,,,Contact,
Templegate Electrical Supplies Ltd - Swansea,distributor,ELECTRICAL — United Kingdom,52.17991,-4.15136,"Felinfach, United Kingdom",442000000000,mark.hurley@templegate.co.uk,,Mark Hurley,Chris Appleton,
BEW Electrical Distributors Ltd - Cambridge,distributor,ELECTRICAL — United Kingdom,52.19508,0.13127,"Cambridge, United Kingdom",,,,,Toby House,
Cambridge Electrical Wholesale Limited,distributor,ELECTRICAL — United Kingdom,52.19508,0.13127,"Cambridge, United Kingdom",441000000000,,,,Toby House,
Rexel - Cambridge,distributor,ELECTRICAL — United Kingdom,52.19508,0.13127,"Cambridge, United Kingdom",,,,,Toby House,
035 Edmundson Electrical Cambridge,distributor,ELECTRICAL — Cambridge — United Kingdom,52.20868,0.14917,"Unit 8, Coldhams Road Ind Estate, Camberley, CB1 3EW, United Kingdom",01223 243221,jeffrey.buchanan@eel.co.uk,,JEFFREY BUCHANAN,Liam Cook,L.Cook@zip-clip.com
Worcester Electrical Distributors Ltd - Worcester,distributor,ELECTRICAL — United Kingdom,52.21402,-2.19781,"Blackpole Road, United Kingdom",442000000000,timgreen@worcesterelectrical.co.uk,,Tim Green,Contact,
Artse,distributor,OTHER — Poland,52.22968,21.01223,"Warszawa Poland, Poland",48515802670,,,,Contact,
Aspect Exibihitions,distributor,OTHER — United Kingdom,52.23707,-0.89444,"Northampton, United Kingdom",442000000000,,,,Liam Cook,
DTR Electrical supplies Limited,distributor,ELECTRICAL — United Kingdom,52.23707,-0.89444,"Northampton, United Kingdom",442000000000,,,,Liam Cook,
DTR Electrical Supplies Ltd,distributor,ELECTRICAL — United Kingdom,52.23707,-0.89444,"Northampton, United Kingdom",442000000000,,,,Liam Cook,
Electric Hub Wholesale Limited,distributor,ELECTRICAL — United Kingdom,52.23707,-0.89444,"Northampton, United Kingdom",442000000000,info@electric-hub.co.uk,,Mark Lyon,Liam Cook,
Eyre & Elliston Ltd - Northampton,distributor,OTHER — United Kingdom,52.23707,-0.89444,"Northampton, United Kingdom",442000000000,,,,Liam Cook,
Hawes Signs Ltd,distributor,OTHER — United Kingdom,52.23707,-0.89444,"Northampton, United Kingdom",442000000000,,,,Liam Cook,
Lincs Electrical Wholesalers Ltd - Northampton,distributor,ELECTRICAL — United Kingdom,52.23707,-0.89444,"Northampton, United Kingdom",,,,,Liam Cook,
Lindab Ltd,distributor,OTHER — United Kingdom,52.23707,-0.89444,"Northampton, United Kingdom",442000000000,sarah.downes@lindab.com,,Sarah Downes,Liam Cook,
MAG Associates Ltd,distributor,OTHER — United Kingdom,52.23707,-0.89444,"Northampton, United Kingdom",442000000000,,,,Liam Cook,
Midshires Electrical & Lighting Ltd,distributor,ELECTRICAL — United Kingdom,52.23707,-0.89444,"Northampton, United Kingdom",442000000000,dan@lectri-call.co.uk,,,Liam Cook,
Northampton Electrical Distributors Ltd,distributor,ELECTRICAL — United Kingdom,52.23707,-0.89444,"Northampton, United Kingdom",442000000000,,,,Liam Cook,
Sutch Lifting Equipment Ltd,distributor,OTHER — United Kingdom,52.23707,-0.89444,"Northampton, United Kingdom",442000000000,,,,Liam Cook,
Airwent System,distributor,OTHER — Poland,52.25041,20.8451,"Stare Babice, Poland",48603554434,biuro@airwent-system.pl,,,Contact,
Insite Electrical Distributors Ltd,distributor,ELECTRICAL — United Kingdom,52.25603,-1.16259,"Daventry, United Kingdom",441000000000,sales@insiteelectrical.co.uk,,"Stacy Kempson,",Toby House,
Fairway Interiors Ltd,distributor,OTHER — United Kingdom,52.29255,-1.77987,"Henley-in-Arden, United Kingdom",442000000000,,,,Toby House,
Hy-lyne,distributor,OTHER — United Kingdom,52.30897,-1.94094,"Redditch, United Kingdom",442000000000,,,,Liam Cook,
Eyre & Elliston Ltd - Huntingdon,distributor,OTHER — United Kingdom,52.33049,-0.18653,"Huntingdon, United Kingdom",441000000000,,,,Toby House,
Barrie Beard,distributor,OTHER — United Kingdom,52.33559,-2.06191,"Bromsgrove, United Kingdom",442000000000,chrisw@barriebeard.co.uk,,Chris Wedgbrow,Liam Cook,
Datapower Installations,distributor,ELECTRICAL — United Kingdom,52.33559,-2.06191,"Bromsgrove, United Kingdom",442000000000,,,,Liam Cook,
MIDA,distributor,OTHER — United Kingdom,52.33559,-2.06191,"Bromsgrove, United Kingdom",442000000000,liz@mida.co.uk,,Liz Hogarth,Liam Cook,
Rexel (WF) Bromsgrove,distributor,ELECTRICAL — United Kingdom,52.33559,-2.06191,"Bromsgrove, United Kingdom",,,,,Liam Cook,
Air Conditioning One Ltd,distributor,HVAC — United Kingdom,52.3417,-0.54103,"Raunds, United Kingdom",448000000000,,,,Contact,
Crackerjack Marquees,distributor,OTHER — United Kingdom,52.34326,1.50264,"Halesworth, United Kingdom",448000000000,,,,Contact,
C.E.F Data Centres Division,distributor,OTHER — United Kingdom,52.34956,-1.58073,"Kenilworth, United Kingdom",,,,,Liam Cook,
C.E.F. Nuclear Division,distributor,OTHER — United Kingdom,52.34956,-1.58073,"Kenilworth, United Kingdom",,,,,Liam Cook,
C.E.F. Retail Projects Division,distributor,OTHER — United Kingdom,52.34956,-1.58073,"Kenilworth, United Kingdom",,,,,Liam Cook,
CEF Major Projects Divisions,distributor,ELECTRICAL — United Kingdom,52.34956,-1.58073,"Kenilworth, United Kingdom",,,,,Liam Cook,
Air Technology Systems Ltd,distributor,OTHER — United Kingdom,52.3919,-2.11887,"Belbroughton, United Kingdom",442000000000,,,,Contact,
Switch Electrical Wholesale Limited Kettering,distributor,ELECTRICAL — United Kingdom,52.39632,-0.73025,"Kettering, United Kingdom",,,,,Toby House,
Rexel - Shirley,distributor,ELECTRICAL — United Kingdom,52.41045,-1.81937,"Shirley, United Kingdom",,,,,Contact,
Rexel - Coventry,distributor,ELECTRICAL — United Kingdom,52.41282,-1.50895,"Coventry, United Kingdom",,,,,Liam Cook,
Harniss Building Services Solutions,distributor,OTHER — United Kingdom,52.41912,-0.69879,"Weekley, United Kingdom",442000000000,,,,Contact,
Shipley Weston,distributor,OTHER — United Kingdom,52.45689,-2.14873,"Stourbridge, United Kingdom",,steve@shipleyweston.co.uk,,Steve Weston,Liam Cook,
Hawks Electrical Supplies Ltd,distributor,ELECTRICAL — United Kingdom,52.47181,-2.08208,"Cradley Heath, United Kingdom",,,,,Liam Cook,
R J Electrical,distributor,ELECTRICAL — United Kingdom,52.47361,-1.88089,"Bordesley, United Kingdom",441000000000,ryan.ward@rjelectricalcontractors.co.uk,,Ryan Ward,Contact,
Galvanised Specialists Ltd /GS Products,distributor,OTHER — United Kingdom,52.47507,-1.82983,"West Midlands, United Kingdom",1216010480,,,,Contact,
CMC Birmingham Ltd,distributor,OTHER — United Kingdom,52.48,-1.99,"Oldbury, Warley, United Kingdom",441000000000,robert@cmcbirmingham.co.uk,,Bob Tonks,Josh Wade,
BSN Construction,distributor,OTHER — United Kingdom,52.48217,-2.12031,"Brierley Hill,, United Kingdom",441000000000,,,,Liam Cook,
Total Ventilation Supplies Ltd,distributor,HVAC — United Kingdom,52.48217,-2.12031,"Brierley Hill, United Kingdom",441000000000,,,,Liam Cook,
Antifriction Components Ltd,distributor,OTHER — United Kingdom,52.48227,-1.89001,"Birmingham, United Kingdom",441000000000,,,,Liam Cook,
Bal Group (Aluminium) Ltd,distributor,OTHER — United Kingdom,52.48227,-1.89001,"Birmingham, United Kingdom",441000000000,skane@bal-group.com,,Steve Kane,Liam Cook,
Central Electrical Lighting Ltd,distributor,ELECTRICAL — United Kingdom,52.48227,-1.89001,"Birmingham, United Kingdom",441000000000,dan@lectri-call.co.uk,,,Liam Cook,
Coleman Electrical Services,distributor,ELECTRICAL — United Kingdom,52.48227,-1.89001,"Birmingham, United Kingdom",442000000000,,,,Liam Cook,
Flick Electrical Wholesale Ltd,distributor,ELECTRICAL — United Kingdom,52.48227,-1.89001,"Birmingham, United Kingdom",441000000000,,,,Liam Cook,
N G Bailey Birmingham Office,distributor,OTHER — United Kingdom,52.48227,-1.89001,"Birmingham, United Kingdom",441000000000,david.hurcomb@ngbailey.co.uk,,David Stuart Hurcomb Hurcomb,Liam Cook,
Rexel - Birmingham,distributor,ELECTRICAL — United Kingdom,52.48227,-1.89001,"Birmingham, United Kingdom",,,,,Liam Cook,
Rexel Commercial Team,distributor,ELECTRICAL — United Kingdom,52.48227,-1.89001,"Birmingham, United Kingdom",,,,,Liam Cook,
Skerritt Electrical,distributor,ELECTRICAL — United Kingdom,52.48227,-1.89001,"Birmingham, United Kingdom",4400000000000,,,,Liam Cook,
Spiral Ductwork Services,distributor,HVAC — United Kingdom,52.48227,-1.89001,"Birmingham, United Kingdom",441000000000,,,,Liam Cook,
Ventu Group Ltd,distributor,OTHER — United Kingdom,52.48227,-1.89001,"Birmingham, United Kingdom",1582321890,,,,Liam Cook,
CGE Services Ltd,distributor,OTHER — United Kingdom,52.48398,-2.13934,"Leys Road, United Kingdom",441000000000,lisa@cgeservices.co.uk,,Lisa McManas,Contact,
Zicam Electrical Supplies,distributor,ELECTRICAL — United Kingdom,52.48654,-1.93823,"Dudley Road, United Kingdom",1384344998,,,,Liam Cook,
Rexel - Dudley,distributor,ELECTRICAL — United Kingdom,52.49108,-2.10145,"Narrowboat Way, United Kingdom",,,,,Contact,
PHC (Powred Heating Components Ltd) Smwthwick,distributor,HVAC — United Kingdom,52.4924,-1.96521,"Smethwick, United Kingdom",441000000000,,,,Liam Cook,
BEW Electrical Distributors Ltd - Aston Birmingham,distributor,ELECTRICAL — United Kingdom,52.50483,-1.89151,"Aston, United Kingdom",,,,,Liam Cook,
BEW Electrical Distributors Ltd - Aston Birmingham,distributor,ELECTRICAL — United Kingdom,52.50483,-1.89151,"Aston, United Kingdom",,,,,Liam Cook,
Rexel - Birmingham Heneage St,distributor,ELECTRICAL — United Kingdom,52.50483,-1.89151,"Aston, United Kingdom",,,,,Liam Cook,
Denwire Ltd,distributor,ELECTRICAL — United Kingdom,52.51067,-2.0866,"Dudley, United Kingdom",441000000000,,,,Liam Cook,
Marinox UK,distributor,OTHER — United Kingdom,52.51067,-2.0866,"Dudley, United Kingdom",448000000000,,,,Liam Cook,
Vanguard Fixings Ltd,distributor,FIXINGS — United Kingdom,52.51067,-2.0866,"Dudley, United Kingdom",442000000000,,,,Liam Cook,
David Colwell Design,distributor,OTHER — United Kingdom,52.51639,-3.42875,"Caersws, United Kingdom",442000000000,,,,Contact,
Atkore,distributor,OTHER — United Kingdom,52.51766,-1.99516,"West Bromwich, United Kingdom",441000000000,dhall@atkore.com,,Danny Hall,Liam Cook,
Atkore UK,distributor,OTHER,52.51766,-1.99516,West Bromwich,012 5806300,dhall@atkore.com,,Danny Hall,Contact,
LENSON SELECT,distributor,OTHER — United Kingdom,52.51766,-1.99516,"West Bromwich, United Kingdom",441000000000,sales@lenson-select.co.uk,,Stewart Griffiths,Liam Cook,
MasterTrade Supplies Ltd,distributor,OTHER — United Kingdom,52.52625,-2.06606,"Tipton, United Kingdom",441000000000,nigel.smith@mastertrade.co.uk,,Nigel Smith,Liam Cook,
HAS-Vent Ltd - Bury,distributor,OTHER — United Kingdom,52.53353,-2.18733,"Bury, United Kingdom",,,,,Liam Cook,
HAS-Vent Ltd - Leeds,distributor,OTHER — United Kingdom,52.53353,-2.18733,"Leeds, United Kingdom",,,,,Liam Cook,
HAS-Vent Ltd - Liverpool,distributor,OTHER — United Kingdom,52.53353,-2.18733,"Liverpool, United Kingdom",,,,,Liam Cook,
HAS-Vent Ltd - Stoke On Trent,distributor,OTHER — United Kingdom,52.53353,-2.18733,"Stoke On trent, United Kingdom",,,,,Liam Cook,
HAS-Vent Ltd - Wombourne,distributor,OTHER — United Kingdom,52.53353,-2.18733,"Wombourne, United Kingdom",,,,,Liam Cook,
Static Systems Group,distributor,OTHER — United Kingdom,52.53353,-2.18733,United Kingdom,442000000000,andrew.billingham@staticsystems.co.uk,,Andrew Billingham,Liam Cook,
Power and Light Limited Weymouth,distributor,ELECTRICAL — United Kingdom,52.53446,-2.42455,"Bridgnorth, United Kingdom",442000000000,andy@powerandlight.ltd,,Andy Downes,Contact,
019 Edmundson Electrical Wednesbury/West Brom,distributor,ELECTRICAL — Wednesbury/West Brom — United Kingdom,52.54565,-2.03286,"Parkway Industrial Estate, Unit 5 Pacific Ave, Huddersfield, WS10 7WP, United Kingdom",0121 506 4700,rob.steer@eel.co.uk,,Rob Steer,Josh Wade,J.Wade@zip-clip.com
Strut Direct Ltd,distributor,FIXINGS — United Kingdom,52.55289,-2.02208,"Wednesbury, United Kingdom",442000000000,,,,Josh Wade,
Ductmann Ltd,distributor,OTHER — United Kingdom,52.5656,-2.07409,"Bilston, United Kingdom",442000000000,,,,Liam Cook,
BEW Electrical Distributors Ltd - Peterborough,distributor,ELECTRICAL — United Kingdom,52.57032,-0.2408,"Peterborough, United Kingdom",,,,,Liam Cook,
Current Electrical Wholesale Ltd,distributor,ELECTRICAL — United Kingdom,52.57032,-0.2408,"Peterborough, United Kingdom",442000000000,,,,Liam Cook,
Rexel - Peterborough,distributor,ELECTRICAL — United Kingdom,52.57032,-0.2408,"Peterborough, United Kingdom",,,,,Liam Cook,
Switch Electrical Wholesale Limited Peterborough,distributor,ELECTRICAL — United Kingdom,52.57032,-0.2408,"Peterborough, United Kingdom",,,,,Liam Cook,
MacLean International Group Limited Gorleston on sea,distributor,OTHER — United Kingdom,52.57064,1.73421,"Gorleston-On-Sea, United Kingdom",441000000000,,,,Contact,
A & M Ductwork Ltd,distributor,HVAC — United Kingdom,52.58502,-2.05763,"Willenhall, United Kingdom",442000000000,adrian@amductwork.co.uk,,Adrian O'Donovan,Liam Cook,
CED Wolverhampton,distributor,OTHER — United Kingdom,52.58502,-2.05763,"Willenhall, United Kingdom",442000000000,,,,Liam Cook,
Eco-1 Electrical Solutions Ltd - Walsall,distributor,ELECTRICAL — United Kingdom,52.58664,-1.98453,"Walsall, United Kingdom",442000000000,james.moore@eco-1.co.uk,,James Moore,Liam Cook,
Operational Resources,distributor,OTHER — United Kingdom,52.58664,-1.98453,"Walsall, United Kingdom",442000000000,,,,Liam Cook,
R D Jukes,distributor,OTHER — United Kingdom,52.58664,-1.98453,"Walsall, United Kingdom",442000000000,l.biddle@rdjukes.co.uk,,Lesley Biddle,Liam Cook,
Brammer,distributor,OTHER,52.58682,-2.12566,Wolverhampton,448000000000,,,,Contact,
CKW Contracts Ltd,distributor,OTHER — United Kingdom,52.58682,-2.12566,"Wolverhampton, United Kingdom",442000000000,nmorgan@ckwcontracts.co.uk,,Nigel Morgan,Liam Cook,
Dalvie Storage Systems Ltd,distributor,OTHER — United Kingdom,52.58682,-2.12566,"Wolverhampton, United Kingdom",442000000000,,,,Liam Cook,
M.E.G.S. Ltd,distributor,OTHER — United Kingdom,52.58682,-2.12566,"Wolverhampton, United Kingdom",442000000000,,,,Liam Cook,
Monks & Crane Ind Group Ltd - Norwich,distributor,OTHER — United Kingdom,52.58682,-2.12566,"Wolverhampton, United Kingdom",442000000000,,,,Liam Cook,
Nationwide Elec & Security Wholesalers Ltd,distributor,ELECTRICAL — United Kingdom,52.58682,-2.12566,"Wolverhampton, United Kingdom",442000000000,,,,Liam Cook,
Parklane Electrical Distributors Ltd,distributor,ELECTRICAL — United Kingdom,52.58682,-2.12566,"Wolverhampton, United Kingdom",442000000000,purchasing@ne-electrical.co.uk,,,Liam Cook,
Total Construction Supplies,distributor,OTHER — United Kingdom,52.58682,-2.12566,"Wolverhampton, United Kingdom",442000000000,,,,Liam Cook,
032 Edmundson Electrical Great Yarmouth,distributor,ELECTRICAL — Great Yarmouth — United Kingdom,52.59085,1.71036,"GAPTON HALL INDUSTRIAL ESTATE, NE Lincs, NR31 0LT, United Kingdom",01493 442078,adam.ewles@eel.co.uk,,ADAM EWLES,Liam Cook,L.Cook@zip-clip.com
Power and Light Limited Bridgnorth,distributor,ELECTRICAL — United Kingdom,52.61103,-1.91421,"Aldridge, United Kingdom",442000000000,andy@powerandlight.ltd,,Andy Downes,Contact,
SJ Roberts Construction,distributor,OTHER — United Kingdom,52.61574,-3.05391,"Marton, United Kingdom",01743 892017,oliver.heighway@sjroberts.com,,Oliver heighway,Contact,
Premier Electrical 1988 Ltd,distributor,ELECTRICAL — United Kingdom,52.6174,-2.00434,"Bloxwich Walsall, United Kingdom",1922711262,,,,Liam Cook,
Briggs & Forrester Engineering Services LTD,distributor,OTHER — United Kingdom,52.62926,1.29788,"Norwich, United Kingdom",442000000000,morris.wilks@briggs.uk.com,,Morris Wilks,Toby House,
Briggs & Forrester Special Projects,distributor,OTHER — United Kingdom,52.62926,1.29788,"Norwich, United Kingdom",,,,,Toby House,
L & B (Norwich) Ltd,distributor,OTHER — United Kingdom,52.62926,1.29788,"Norwich, United Kingdom",442000000000,elliott@lbnorwich.co.uk,,Elliot Buys,Toby House,
Secker & Sons,distributor,OTHER — United Kingdom,52.62926,1.29788,"Norwich, United Kingdom",,,,,Toby House,
"Thompson, MD. Electrical Wholesalers Ltd",distributor,ELECTRICAL — United Kingdom,52.62926,1.29788,"Norwich, United Kingdom",442000000000,,,,Toby House,
Medlock Electrical Distributors - Norwich,distributor,ELECTRICAL — United Kingdom,52.6306,1.38141,"Broadland Gate, United Kingdom",442000000000,,,,Contact,
Rexel Tamworth,distributor,ELECTRICAL — United Kingdom,52.63358,-1.69103,"Tamworth, United Kingdom",,,,,Liam Cook,
BPX Electro Mechanical Co Ltd,distributor,ELECTRICAL — United Kingdom,52.63688,-1.13976,"Leicster, United Kingdom",441000000000,,,,Contact,
Leicester Ventialtion Systems Ltd,distributor,OTHER — United Kingdom,52.63688,-1.13976,"Leicester, United Kingdom",441000000000,,,,Liam Cook,
Next Retail Ltd,distributor,OTHER — United Kingdom,52.63688,-1.13976,"Leicester, United Kingdom",448000000000,,,,Liam Cook,
Switch Electrical Wholesale Limited Leicester,distributor,ELECTRICAL — United Kingdom,52.63688,-1.13976,"Leicester, United Kingdom",,,,,Liam Cook,
033 Edmundson Electrical Norwich,distributor,ELECTRICAL — Norwich — United Kingdom,52.65208,1.26032,"The Frenbury Estatre, Norwich, NR6 5DP, United Kingdom",01603 405123,rob.beck@eel.co.uk,,ROB BECK,Liam Cook,L.Cook@zip-clip.com
Boys & Boden Ltd (Head Office) - Welshpool,distributor,OTHER — United Kingdom,52.66035,-3.14641,"Welshpool, United Kingdom",442000000000,,,,Liam Cook,
Craven Electrical Wholesalers Ltd,distributor,ELECTRICAL — United Kingdom,52.66035,-3.14641,"Welshpool, United Kingdom",442000000000,,,,Liam Cook,
CT Electrical,distributor,ELECTRICAL — United Kingdom,52.66035,-3.14641,"Welshpool, United Kingdom",448000000000,,,,Liam Cook,
Marston Electrical,distributor,ELECTRICAL — United Kingdom,52.66035,-3.14641,"Welshpool, United Kingdom",448000000000,lewis@marstonelectrical.co.uk,,Lewis Marston,Liam Cook,
Parry & Evans Ltd,distributor,OTHER — United Kingdom,52.66035,-3.14641,"Welshpool, United Kingdom",442000000000,,,,Liam Cook,
Shannon Wholesale Electrical Ltd,distributor,ELECTRICAL — Ireland,52.66384,-8.62673,"Limerick, Ireland",00353 61 416433,dan@lectri-call.co.uk,,,Contact,
Reinforcement Solutions Ltd,distributor,OTHER — United Kingdom,52.66688,-2.13149,"Stafford Road, United Kingdom",442000000000,,,,Liam Cook,
Total Construction Supplies (Northern),distributor,OTHER — United Kingdom,52.66688,-2.13149,"Stafford Road, United Kingdom",0109 624220,,,,Liam Cook,
Unitrunk Wolverhampton,distributor,OTHER — United Kingdom,52.66688,-2.13149,"Stafford Road, United Kingdom",442000000000,livingston@unitrunk.co.uk,,,Liam Cook,
Rob Morgan Electrical,distributor,ELECTRICAL — United Kingdom,52.66956,-0.72662,"Oakham, United Kingdom",442000000000,,,,Liam Cook,
Eyre & Elliston Ltd - Leicester,distributor,OTHER — United Kingdom,52.67198,-1.09117,"Thurmaston, United Kingdom",441000000000,,,,Liam Cook,
WM Building Services,distributor,OTHER — United Kingdom,52.67198,-1.09117,"Thurmaston, United Kingdom",441000000000,,,,Liam Cook,
Ample Power,distributor,ELECTRICAL — United Kingdom,52.67625,-2.48266,"Telford, United Kingdom",448000000000,,,,Liam Cook,
BEW Electrical Distributors Ltd - Telford,distributor,ELECTRICAL — United Kingdom,52.67625,-2.48266,"Telford, United Kingdom",,,,,Liam Cook,
Corb Electrical,distributor,ELECTRICAL — United Kingdom,52.67625,-2.48266,"Telford, United Kingdom",4410000000000,,,,Liam Cook,
Dodd Group,distributor,OTHER — United Kingdom,52.67625,-2.48266,"Telford, United Kingdom",442000000000,,,,Liam Cook,
McPhillips,distributor,OTHER — United Kingdom,52.67625,-2.48266,"Telford, United Kingdom",442000000000,pgibbons@mcphillips.co.uk,,Paul Gibbons,Liam Cook,
Rexel - Telford,distributor,ELECTRICAL — United Kingdom,52.67625,-2.48266,"Telford, United Kingdom",,,,,Liam Cook,
The Acoustics Company,distributor,OTHER — United Kingdom,52.67625,-2.48266,"Telford, United Kingdom",01952 947390/ 947388,,,,Liam Cook,
Ventilair UK Ltd,distributor,OTHER — United Kingdom,52.67625,-2.48266,"Telford, United Kingdom",442000000000,,,,Liam Cook,
Chase Electrical Wholesale Ltd,distributor,ELECTRICAL — United Kingdom,52.67751,-2.02912,"Bridgtown, United Kingdom",442000000000,,,,Liam Cook,
BBC Electrical Wholesalers (Midlands) Ltd,distributor,ELECTRICAL — United Kingdom,52.67994,-1.92178,"Burntwood, United Kingdom",442000000000,ian@bbcelectrical.co.uk,,"Ian Lyall,",Liam Cook,
Ventilation Warehouse (Europe) Ltd,distributor,HVAC — United Kingdom,52.67994,-1.92178,"Burntwood, United Kingdom",442000000000,stuart@ventilation-warehouse.co.uk,,Stuart Freeman,Liam Cook,
Ecotronic Projects Ltd,distributor,OTHER — United Kingdom,52.69994,-2.02183,"Cannock, United Kingdom",448000000000,,,,Liam Cook,
Ecotronic UK Ltd,distributor,OTHER — United Kingdom,52.69994,-2.02183,"Cannock, United Kingdom",448000000000,,,,Liam Cook,
Pulse Electrical Wholesalers Ltd,distributor,ELECTRICAL — United Kingdom,52.69994,-2.02183,"Cannock, United Kingdom",442000000000,,,,Liam Cook,
Robson Products,distributor,OTHER — United Kingdom,52.69994,-2.02183,"Cannock, United Kingdom",442000000000,,,,Liam Cook,
BEW Electrical Distributors Ltd - Shrewsbury,distributor,ELECTRICAL — United Kingdom,52.70734,-2.75641,"Shrewsbury, United Kingdom",,,,,Josh Wade,
CRS Electrical,distributor,ELECTRICAL — United Kingdom,52.70734,-2.75641,"Shrewsbury, United Kingdom",442000000000,info@crselectrical.com,,Charlie Storey,Josh Wade,
DRE Contractors,distributor,OTHER — United Kingdom,52.70734,-2.75641,"Shrewsbury, United Kingdom",448000000000,,,,Josh Wade,
Elec Services,distributor,OTHER — United Kingdom,52.70734,-2.75641,"Shrewsbury, United Kingdom",442000000000,,,,Josh Wade,
Gen-Lec Limited,distributor,OTHER — United Kingdom,52.70734,-2.75641,"Shrewsbury, United Kingdom",442000000000,,,,Josh Wade,
Morris Property,distributor,OTHER — United Kingdom,52.70734,-2.75641,"Shrewsbury, United Kingdom",442000000000,markbennett@morrisproperty.co.uk,,Mark Bennett,Josh Wade,
Penguin MEP,distributor,OTHER — United Kingdom,52.70734,-2.75641,"Shrewsbury, United Kingdom",442000000000,dewi@penguinmep.com,,Dewi Roberts,Josh Wade,
S E Distribution Ltd,distributor,OTHER — United Kingdom,52.70734,-2.75641,"Shrewsbury, United Kingdom",442000000000,,,,Josh Wade,
Welfix,distributor,OTHER — United Kingdom,52.70734,-2.75641,"Shrewsbury, United Kingdom",442000000000,,,,Josh Wade,
Elite Electrical Distributors Ltd,distributor,ELECTRICAL — United Kingdom,52.71156,-2.00038,"Hednesford, United Kingdom",442000000000,,,,Liam Cook,
G2 Electrical Wholesale Ltd,distributor,ELECTRICAL — United Kingdom,52.71156,-2.00038,"Hednesford, United Kingdom",442000000000,,,,Liam Cook,
Elite Sourcing Solutions Ltd,distributor,OTHER — United Kingdom,52.71393,-1.04995,"East Goscote, United Kingdom",441000000000,,,,Contact,
Electract,distributor,OTHER — United Kingdom,52.71447,-1.32061,"Bardon Hill, United Kingdom",442000000000,,,,Contact,
Vented Services (Telford) Ltd,distributor,OTHER — United Kingdom,52.72201,-2.45936,"Hortonwood, United Kingdom",442000000000,,,,Liam Cook,
L H Electrical Ltd - Coalville,distributor,ELECTRICAL — United Kingdom,52.72457,-1.36771,"Coalville, United Kingdom",442000000000,dan@lectri-call.co.uk,,,Liam Cook,
Thurston Electrical Supplies,distributor,ELECTRICAL — United Kingdom,52.72457,-1.36771,"Coalville, United Kingdom",442000000000,,,,Liam Cook,
Life Unlimited Church,distributor,OTHER — Australia,52.74071,-1.14515,"Charnwood, Australia",61261968600,,,,Contact,
039 Edmundson Electrical Kings Lynn,distributor,ELECTRICAL — Kings Lynn — United Kingdom,52.74701,0.42079,"Hellesdon Park Road, Telford Way Industrial Estate, PE30 4LS, United Kingdom",01553 773132,nick.goodchild@eel.co.uk,,NICK GOODCHILD,Liam Cook,L.Cook@zip-clip.com
Switch Electrical Wholesale Limited Kings Lynn,distributor,ELECTRICAL — United Kingdom,52.75168,0.4023,"Kings Lynn, United Kingdom",,,,,Toby House,
Air Conditioning & Refrigeration Supplies Ltd,distributor,HVAC — United Kingdom,52.76152,-1.93597,"Rugeley, United Kingdom",442000000000,avn@refrig.ro,,Andrei-Vasile Neagu,Liam Cook,
CED Braintree,distributor,OTHER — United Kingdom,52.76152,-1.93597,"Rugeley, United Kingdom",441000000000,,,,Liam Cook,
CED Rugeley,distributor,OTHER — United Kingdom,52.76152,-1.93597,"Rugeley, United Kingdom",442000000000,,,,Liam Cook,
Power Electrical Distribution Ltd - Rugeley,distributor,ELECTRICAL — United Kingdom,52.76152,-1.93597,"Rugeley, United Kingdom",442000000000,,,,Liam Cook,
HIJ Electrical Contractors,distributor,ELECTRICAL — United Kingdom,52.76549,-3.27151,"Llanfyllin, United Kingdom",,,,,Liam Cook,
7 Core Electrical Wholesale Ltd,distributor,ELECTRICAL — United Kingdom,52.76693,-0.88791,"Melton Mowbray, United Kingdom",,,,,Liam Cook,
Booth and Lane Electrical Contractors,distributor,ELECTRICAL — United Kingdom,52.76693,-0.88791,"Melton Mowbray, United Kingdom",448000000000,purchasing@ne-electrical.co.uk,,,Liam Cook,
LOL Contracts Limited,distributor,OTHER — United Kingdom,52.76693,-0.88791,"Melton Mowbray, United Kingdom",442000000000,mike@lolcontracts.com,,,Liam Cook,
M.R.S,distributor,OTHER — United Kingdom,52.76693,-0.88791,"Melton Mowbray, United Kingdom",442000000000,,,,Liam Cook,
Milestone Communications,distributor,OTHER — United Kingdom,52.76693,-0.88791,"Melton Mowbray, United Kingdom",442000000000,m.sahiaoui@icat.ma,,Meriem SAHIAOUI,Liam Cook,
PCI Installations,distributor,OTHER — United Kingdom,52.76693,-0.88791,"Melton Mowbray, United Kingdom",442000000000,tony.rose@pci-installations.co.uk,,,Liam Cook,
S T Electrical Services,distributor,ELECTRICAL,52.76693,-0.88791,Melton Mowbray,,,,,Contact,
S T Electrical Services,distributor,ELECTRICAL,52.76693,-0.88791,Melton Mowbray,,,,,Contact,
Martin Pearce Electrical,distributor,ELECTRICAL — United Kingdom,52.78132,-3.09031,"Llanymynech, United Kingdom",,,,,Liam Cook,
ERA Engineering Supplies Ltd,distributor,OTHER — United Kingdom,52.78729,-0.1558,"Spalding, United Kingdom",442000000000,,,,Liam Cook,
Switch Electrical Wholesale Limited Spalding,distributor,ELECTRICAL — United Kingdom,52.78729,-0.1558,"Spalding, United Kingdom",,,,,Liam Cook,
Whytek Heating Services Ltd,distributor,HVAC — United Kingdom,52.80629,-1.56148,"Bretby, United Kingdom",448000000000,,,,Contact,
Lectri-call LTD,distributor,OTHER — United Kingdom,52.80678,-2.12196,"Stafford, United Kingdom",442000000000,,,,Liam Cook,
Lectri-Call Ltd,distributor,OTHER — United Kingdom,52.80678,-2.12196,"Stafford, United Kingdom",442000000000,,,,Liam Cook,
Power Electrical Distribution Ltd - Stafford,distributor,ELECTRICAL — United Kingdom,52.80678,-2.12196,"Stafford, United Kingdom",442000000000,,,,Liam Cook,
Rexel - Burton on Trent,distributor,ELECTRICAL — United Kingdom,52.81403,-1.63714,"Burton on Trent, United Kingdom",,,,,Liam Cook,
Border temperature control,distributor,OTHER — United Kingdom,52.85715,-3.05641,"Oswestry, United Kingdom",442000000000,,,,Liam Cook,
Creation Group,distributor,OTHER,52.85715,-3.05641,Oswestry,442000000000,,,,Contact,
Highline Electrical,distributor,ELECTRICAL — United Kingdom,52.85715,-3.05641,"Oswestry, United Kingdom",442000000000,andy@highlineelectrical.co.uk,,Andy Vaughan,Liam Cook,
IPSUM Power,distributor,ELECTRICAL — United Kingdom,52.85715,-3.05641,"Oswestry, United Kingdom",448000000000,liam.sheady@ipsum.co.uk,,Liam Sheady,Liam Cook,
Nyke Energy Services,distributor,OTHER — United Kingdom,52.85715,-3.05641,"Oswestry, United Kingdom",442000000000,,,,Liam Cook,
Pave Away Ltd,distributor,OTHER — United Kingdom,52.85715,-3.05641,"Oswestry, United Kingdom",442000000000,rob.keyland@paveaway.co.uk,,,Liam Cook,
Paveaways Building Contractors,distributor,OTHER — United Kingdom,52.85715,-3.05641,"Oswestry, United Kingdom",4400000000000,rob.keyland@paveaway.co.uk,,,Liam Cook,
SB4 Construction,distributor,OTHER — United Kingdom,52.85715,-3.05641,"Oswestry, United Kingdom",442000000000,anthony.litchfield@sb4construction.com,,Anthony Litchfield,Liam Cook,
Systems Workshop,distributor,OTHER — United Kingdom,52.85715,-3.05641,"Oswestry, United Kingdom",442000000000,,,,Liam Cook,
Town Electrical Distributors Ltd,distributor,ELECTRICAL — United Kingdom,52.89812,-1.8658,"Uttoxeter, United Kingdom",442000000000,sales@townelectrical.com,,Chris Owen,Liam Cook,
P S Higgins,distributor,OTHER — United Kingdom,52.90355,-2.48348,"Market Drayton, United Kingdom",442000000000,shaun.sloan@pshiggins.co.uk,,Shaun Sloan,Contact,
3Line Electrical Wholesale Ltd - Derby,distributor,ELECTRICAL — United Kingdom,52.92253,-1.47462,"Derby, United Kingdom",441000000000,keith@3lineelectrical.co.uk,,Keith Avenell Avenell,Liam Cook,
Rexel - Derby Osmaston Park Hub,distributor,ELECTRICAL — United Kingdom,52.92253,-1.47462,"Derby, United Kingdom",,,,,Liam Cook,
Midfix Ltd,distributor,OTHER — United Kingdom,52.92392,-1.21239,"Beeston, United Kingdom",441000000000,scott.humphris@midfix.co.uk,,Scott Humphris Humphris,Liam Cook,
Kronospan,distributor,OTHER — United Kingdom,52.9325,-3.05686,"Chirk, United Kingdom",442000000000,info@kronospan.co.uk,,,Liam Cook,
Richard Burbridge,distributor,OTHER — United Kingdom,52.9325,-3.05686,"Chirk, United Kingdom",442000000000,,,,Liam Cook,
Worcester Electrical Distributors Ltd - Hereford,distributor,ELECTRICAL — United Kingdom,52.9523,-1.18156,"Faraday Road, United Kingdom",441000000000,timgreen@worcesterelectrical.co.uk,,Tim Green,Liam Cook,
Eyre & Elliston Ltd - Nottingham,distributor,OTHER — United Kingdom,52.95358,-1.05991,"Colwick Ind Est, United Kingdom",441000000000,,,,Liam Cook,
Ashfield Electrical Supplies Ltd,distributor,ELECTRICAL — United Kingdom,52.95402,-1.15499,"Nottingham, United Kingdom",442000000000,,,,Liam Cook,
Dalkia,distributor,OTHER — United Kingdom,52.95402,-1.15499,"Nottingham, United Kingdom",442000000000,contactus@dalkia.co.uk,,Contactus Generic,Liam Cook,
Glover Electrical,distributor,ELECTRICAL — United Kingdom,52.95402,-1.15499,"Nottingham, United Kingdom",441000000000,,,,Liam Cook,
K & R Electrical Supplies Ltd,distributor,ELECTRICAL — United Kingdom,52.95402,-1.15499,"Nottingham, United Kingdom",441000000000,,,,Liam Cook,
KDCH Ltd,distributor,OTHER — United Kingdom,52.95402,-1.15499,"Nottingham, United Kingdom",442000000000,calvin@kdch.co.uk,,Calvin Atkins,Liam Cook,
Merrill Brown Ltd,distributor,OTHER — United Kingdom,52.95402,-1.15499,"Nottingham, United Kingdom",441000000000,,,,Liam Cook,
OMC Joinery,distributor,OTHER — United Kingdom,52.95402,-1.15499,"Nottingham, United Kingdom",0115 90 7607,,,,Liam Cook,
Rexel - Nottingham Clarke Road,distributor,ELECTRICAL — United Kingdom,52.95402,-1.15499,"Nottingham, United Kingdom",,,,,Liam Cook,
Saxon Electrical Wholesalers Ltd,distributor,ELECTRICAL — United Kingdom,52.95402,-1.15499,"Nottingham, United Kingdom",441000000000,,,,Liam Cook,
Smith Brothers Stores,distributor,OTHER — United Kingdom,52.95402,-1.15499,"Nottingham, United Kingdom",441000000000,,,,Liam Cook,
Sparks Mechanical Services Ltd,distributor,OTHER — United Kingdom,52.95402,-1.15499,"Nottingham, United Kingdom",441000000000,,,,Liam Cook,
Trentside Fixings Limited,distributor,FIXINGS — United Kingdom,52.95402,-1.15499,"Nottingham, United Kingdom",441000000000,dan@trentsidefixings.co.uk,,Dan Bird,Liam Cook,
KH Electrical Distributors Ltd,distributor,ELECTRICAL — United Kingdom,52.95636,-1.08638,"Colwick, United Kingdom",0115 941 866,derek@khelec.co.uk,,"Derek McCrorie,",Liam Cook,
Lenton Electrical Supplies LTD,distributor,ELECTRICAL — United Kingdom,52.95784,-1.1835,"Midland Way, United Kingdom",1159002390,,,,Contact,
Rexel - Ilkeston,distributor,ELECTRICAL — United Kingdom,52.96793,-1.30727,"Ilkeston, United Kingdom",,,,,Liam Cook,
Robstock,distributor,OTHER — United Kingdom,52.96793,-1.30727,"Ilkeston, United Kingdom",441000000000,paul@robstock.co.uk,,,Liam Cook,
Carter Mason Electricals Ltd,distributor,ELECTRICAL — United Kingdom,52.96971,-2.20765,"Trentham, United Kingdom",442000000000,,,,Liam Cook,
Harding Electrical - 264,distributor,ELECTRICAL — United Kingdom,52.98431,-1.18158,"Basford, United Kingdom",442000000000,,,,Liam Cook,
Rexel - Stoke Phoenix Park,distributor,ELECTRICAL — United Kingdom,52.99192,-2.13122,"Longton, United Kingdom",,,,,Liam Cook,
A B C TOOLS AND FASTENERS LIMITED,distributor,FIXINGS — United Kingdom,53.00334,-2.18274,"Stoke-on-Trent, United Kingdom",442000000000,,,,Liam Cook,
I & P Lifting Gear Ltd,distributor,OTHER — United Kingdom,53.00334,-2.18274,"Stoke on Trent, United Kingdom",442000000000,,,,Liam Cook,
Laybright Electrics Limited,distributor,ELECTRICAL — United Kingdom,53.01827,-1.33836,"Langley Mill, United Kingdom",442000000000,,,,Contact,
Cable Services Ltd - Swindon,distributor,ELECTRICAL — United Kingdom,53.04304,-2.99249,"Wrexham, United Kingdom",442000000000,,,,Liam Cook,
Xplore,distributor,OTHER — United Kingdom,53.04304,-2.99249,"Wrexham, United Kingdom",,,,,Liam Cook,
BAPP Industrial Supplies (Mansfield) Ltd,distributor,OTHER — United Kingdom,53.10096,-1.26961,"Kirkby-in-Ashfield, United Kingdom",442000000000,,,,Contact,
Eyre & Elliston Ltd - Mansfield,distributor,OTHER — United Kingdom,53.1472,-1.19867,"Mansfield, United Kingdom",442000000000,,,,Liam Cook,
Rexel - Mansfield,distributor,ELECTRICAL — United Kingdom,53.1472,-1.19867,"Mansfield, United Kingdom",,,,,Liam Cook,
Selmec,distributor,OTHER — United Kingdom,53.17088,-0.60108,"South Hykeham, United Kingdom",442000000000,,,,Contact,
Spectrum Safety Ltd,distributor,OTHER — United Kingdom,53.18744,-1.35748,"Holmewood, United Kingdom",441000000000,,,,Contact,
Rexel - Deeside,distributor,ELECTRICAL — United Kingdom,53.19973,-3.03297,"Deeside, United Kingdom",,,,,Josh Wade,
Rexel - Chesterfield,distributor,ELECTRICAL — United Kingdom,53.22054,-1.41806,"Storforth Lane, United Kingdom",,,,,Contact,
G S M Electrical Supplies Ltd,distributor,ELECTRICAL — United Kingdom,53.23349,-1.4238,"Chesterfield, United Kingdom",441000000000,,,,Josh Wade,
Recon Electrical Ltd,distributor,ELECTRICAL — United Kingdom,53.23349,-1.4238,"Chesterfield, United Kingdom",441000000000,dan@lectri-call.co.uk,,,Josh Wade,
Switch Electrical Supplies Limited,distributor,ELECTRICAL — United Kingdom,53.24335,-1.33341,"Markham Vale, United Kingdom",441000000000,craig.brennan@switch-electrical.net,,Craig Brennan,Contact,
Tenet,distributor,OTHER — United Kingdom,53.26532,-4.42914,"Anglesey, United Kingdom",448000000000,,,,Contact,
Eyre & Elliston Ltd - Chorley,distributor,OTHER — United Kingdom,53.2666,-1.4421,"Sheepbridge, United Kingdom",441000000000,,,,Contact,
Rexel - Ellesmere Port,distributor,ELECTRICAL — United Kingdom,53.27981,-2.8974,"Ellesmere Port, United Kingdom",,,,,Josh Wade,
Deakin Electrical Supplies - 491,distributor,ELECTRICAL — United Kingdom,53.28287,-3.82948,"Conwy, United Kingdom",442000000000,,,,Josh Wade,
KHS Mechanical,distributor,OTHER — United Kingdom,53.28442,-3.58294,"Abergele, United Kingdom",441000000000,,,,Josh Wade,
MM Services UK,distributor,OTHER — United Kingdom,53.28442,-3.58294,"Aberegele, United Kingdom",442000000000,jake@mmservicesuk.com,,,Contact,
7 Core Electrical Wholesale Ltd - Worksop,distributor,ELECTRICAL — United Kingdom,53.3093,-1.12275,"Worksop, United Kingdom",,,,,Contact,
Lexon G.B. Ltd,distributor,OTHER — United Kingdom,53.31439,-6.32356,"Crumlin, United Kingdom",441000000000,,,,Contact,
OB Electrical,distributor,ELECTRICAL — United Kingdom,53.31949,-3.49159,"Rhyl, United Kingdom",448000000000,,,,Josh Wade,
CEF RETFORD,distributor,ELECTRICAL — United Kingdom,53.33627,-0.95374,"Aurillac Way,, United Kingdom",,,,,Contact,
Wilson FM Services,distributor,OTHER,53.33651,-3.40761,Prestatyn,448000000000,josh@wilsonfmservices.co.uk,,Josh Aitken,Contact,
053 Edmundson Electrical Widnes,distributor,ELECTRICAL — Widnes — United Kingdom,53.36403,-2.71692,"Dennis Road, Mitre Way, Widnes, WA8 0YQ, United Kingdom",0151 424 7411,paul.white@eel.co.uk,,PAUL WHITE,Josh Wade,J.Wade@zip-clip.com
GRS Electrical Services,distributor,ELECTRICAL — United Kingdom,53.36596,-0.00771,"Louth, United Kingdom",442000000000,,,,Liam Cook,
SR Electrical Wholesalers Limited Louth,distributor,ELECTRICAL — United Kingdom,53.36596,-0.00771,"Louth, United Kingdom",442000000000,steve.mannion@srelectrical.co.uk,,Steve Mannion,Liam Cook,
The Northern Lighting Company,distributor,ELECTRICAL — United Kingdom,53.37142,-3.03902,"Prenton, United Kingdom",442000000000,,,,Contact,
Sound Interiors Ltd,distributor,OTHER — United Kingdom,53.3763,-2.112,"Hazel Grove, United Kingdom",442000000000,,,,Josh Wade,
A A Electrical Wholesalers Ltd,distributor,ELECTRICAL — United Kingdom,53.38113,-1.47009,"Sheffield, United Kingdom",441000000000,karl@aaelectricalwholesalers.co.uk,,Karl Green,Josh Wade,
Bernard Wilkinson & Partners,distributor,OTHER — United Kingdom,53.38113,-1.47009,"Sheffield, United Kingdom",441000000000,,,,Josh Wade,
CLE Electrical Wholesale Ltd,distributor,ELECTRICAL — United Kingdom,53.38113,-1.47009,"Sheffield, United Kingdom",441000000000,,,,Josh Wade,
Eyre & Elliston Ltd - Sheffield,distributor,OTHER — United Kingdom,53.38113,-1.47009,"Sheffield, United Kingdom",441000000000,,,,Josh Wade,
Gripple UK & Ireland,distributor,OTHER — United Kingdom,53.38113,-1.47009,"Sheffield, United Kingdom",,,,,Josh Wade,
Mechanical & Electrical Supplies Ltd,distributor,ELECTRICAL — United Kingdom,53.38113,-1.47009,"Sheffield, United Kingdom",441000000000,,,,Josh Wade,
Robert Neill,distributor,OTHER — United Kingdom,53.38113,-1.47009,"Sheffield, United Kingdom",441000000000,,,,Josh Wade,
Samson Mechanical Services Ltd,distributor,OTHER — United Kingdom,53.38113,-1.47009,"Sheffield, United Kingdom",441000000000,,,,Josh Wade,
U K Fixings Ltd,distributor,FIXINGS — United Kingdom,53.38113,-1.47009,"Sheffield, United Kingdom",441000000000,,,,Josh Wade,
Ventilation Direct Ltd,distributor,HVAC — United Kingdom,53.38113,-1.47009,"Sheffield, United Kingdom",441000000000,,,,Josh Wade,
Reliable Electrical Supplies Ltd,distributor,ELECTRICAL — United Kingdom,53.3869,-2.3489,"Altrincham, United Kingdom",442000000000,info@reliableelectrical.co.uk,,,Josh Wade,
CMR Supply and services,distributor,OTHER — United Kingdom,53.38812,-3.02992,"Birkenhead, United Kingdom",442000000000,chrisp@cmrsupply.co.uk,,Chris P,Josh Wade,
Smith Brothers Stores Ltd - Birkenhead,distributor,OTHER — United Kingdom,53.38812,-3.02992,"Birkenhead, United Kingdom",442000000000,,,,Josh Wade,
Goliath Electrical Supplies,distributor,ELECTRICAL — United Kingdom,53.38837,-2.25601,"Wythenshawe, United Kingdom",442000000000,,,,Contact,
Eurosales Ireland - Dormant Account,distributor,OTHER,53.38973,-6.29293,Dublin 11,00353 1 830 0937,,,,Contact,
ABB Group,distributor,OTHER — Switzerland,53.39204,-2.60235,"Warrington, Switzerland",,,,,Contact,
Charleson Building Services Ltd,distributor,OTHER — United Kingdom,53.39204,-2.60235,"Warrington, United Kingdom",442000000000,david.pierre@charleson.co.uk,,David Pierre,Josh Wade,
Eyre & Elliston Ltd - Warrington,distributor,OTHER — United Kingdom,53.39204,-2.60235,"Warrington, United Kingdom",442000000000,,,,Josh Wade,
Locker (Architectural) Group,distributor,OTHER — United Kingdom,53.39204,-2.60235,"Warrington, United Kingdom",442000000000,,,,Josh Wade,
Rack & Shelf Labels (UK) Ltd - USE RACKSHLF,distributor,OTHER — United Kingdom,53.39204,-2.60235,"Warrington, United Kingdom",442000000000,,,,Josh Wade,
Rexel - Warrington,distributor,ELECTRICAL — United Kingdom,53.39204,-2.60235,"Warrington, United Kingdom",,,,,Josh Wade,
Warehouse Lines and Signs Limited,distributor,OTHER — United Kingdom,53.39204,-2.60235,"Warrington, United Kingdom",442000000000,,,,Josh Wade,
Industrial Contract Supplies Ltd,distributor,OTHER — United Kingdom,53.39542,-2.64419,"Great Sankey, United Kingdom",442000000000,,,,Contact,
Frederick Thomas Electrical & Maintenance Ltd,distributor,ELECTRICAL — United Kingdom,53.39673,-2.31927,"Timperley, United Kingdom",442000000000,,,,Contact,
Lincs Electrical Wholesalers Ltd - Barnsley,distributor,ELECTRICAL — United Kingdom,53.40058,-0.77446,"Gainsborough, United Kingdom",,,,,Josh Wade,
H & S Electrical Wholesalers Ltd - Stockport,distributor,ELECTRICAL — United Kingdom,53.40186,-2.15399,"Higher Hillgate, United Kingdom",442000000000,garycollick@hselec.co.uk,,,Contact,
E-Tech Components UK Limited,distributor,OTHER — United Kingdom,53.40837,-2.99157,"LIVERPOOL, United Kingdom",442000000000,,,,Josh Wade,
Eyre & Elliston Ltd - Liverpool,distributor,OTHER — United Kingdom,53.40837,-2.99157,"Liverpool, United Kingdom",442000000000,wellmanelectrical@live.co.uk,,Matt Wellman,Josh Wade,
Knowsley Electrical Supplies,distributor,ELECTRICAL,53.40837,-2.99157,Liverpool,,paul.keegan@knowsleyelectricalsupplies.co.uk,,Paul Keegan,Contact,
Merseyside Metalworks Ltd,distributor,FIXINGS — United Kingdom,53.40837,-2.99157,"Liverpool, United Kingdom",442000000000,,,,Josh Wade,
Delta Neu Ltd,distributor,OTHER — United Kingdom,53.41063,-2.15753,"Stockport, United Kingdom",442000000000,,,,Josh Wade,
Express Electrical Distributors Ltd,distributor,ELECTRICAL — United Kingdom,53.41063,-2.15753,"Stockport, United Kingdom",442000000000,,,,Josh Wade,
T N Robinson Ltd - Stockport,distributor,OTHER — United Kingdom,53.41063,-2.15753,"Stockport, United Kingdom",442000000000,,,,Josh Wade,
TF Solutions,distributor,OTHER — United Kingdom,53.41063,-2.15753,"Stockport, United Kingdom",443000000000,darrenalston@tfsolutions.co.uk,,Darren Alston,Josh Wade,
Tool & Fastener Solutions Ltd - Aston,distributor,FIXINGS — United Kingdom,53.41063,-2.15753,"Stockport, United Kingdom",441000000000,,,,Josh Wade,
Tool & Fastener Solutions Ltd - Birmingham,distributor,FIXINGS — United Kingdom,53.41063,-2.15753,"Stockport, United Kingdom",,,,,Josh Wade,
Tool & Fastener Solutions Ltd - Bristol,distributor,FIXINGS — United Kingdom,53.41063,-2.15753,"Stockport, United Kingdom",441000000000,,,,Josh Wade,
Tool & Fastener Solutions Ltd - Burton,distributor,FIXINGS — United Kingdom,53.41063,-2.15753,"Stockport, United Kingdom",441000000000,,,,Josh Wade,
Tool & Fastener Solutions Ltd - Dunstable,distributor,FIXINGS — United Kingdom,53.41063,-2.15753,"Stockport, United Kingdom",448000000000,,,,Josh Wade,
Tool & Fastener Solutions Ltd - Exeter,distributor,FIXINGS — United Kingdom,53.41063,-2.15753,"Stockport, United Kingdom",441000000000,,,,Josh Wade,
Tool & Fastener Solutions Ltd - Glasgow,distributor,FIXINGS — United Kingdom,53.41063,-2.15753,"Stockport, United Kingdom",441000000000,,,,Josh Wade,
Tool & Fastener Solutions Ltd - Liverpool,distributor,FIXINGS — United Kingdom,53.41063,-2.15753,"Stockport, United Kingdom",442000000000,wellmanelectrical@live.co.uk,,Matt Wellman,Josh Wade,
Tool & Fastener Solutions Ltd - Nottingham,distributor,FIXINGS — United Kingdom,53.41063,-2.15753,"Stockport, United Kingdom",441000000000,,,,Josh Wade,
Maxmade Ltd,distributor,OTHER — United Kingdom,53.42867,-2.80456,"Prescot, United Kingdom",442000000000,,,,Contact,
Greenwood Hargreaves Ltd,distributor,OTHER — United Kingdom,53.43713,-2.98448,"Kirkdale, United Kingdom",442000000000,lee@green.supplies,,Lee Green,Contact,
A B M Electrical Wholesale Ltd,distributor,ELECTRICAL — United Kingdom,53.43727,-2.16115,"Reddish, United Kingdom",442000000000,,,,Contact,
Park Signalling,distributor,OTHER — United Kingdom,53.43727,-2.16115,"Reddish, United Kingdom",442000000000,christopher.denyer@park-signalling.co.uk,,Chris Denyer,Contact,
Lloyd Jones,distributor,OTHER — United Kingdom,53.44326,-2.9989,"Bootle, United Kingdom",,,,,Josh Wade,
AVK Syddal Ltd,distributor,OTHER — United Kingdom,53.45298,-2.08279,"Hyde, United Kingdom",441000000000,,,,Josh Wade,
MK Electrical Supplies Limited,distributor,ELECTRICAL — United Kingdom,53.45631,-2.7371,"St Helens, United Kingdom",442000000000,mark@mkelectricalsupplies.co.uk,,Mark Daverin,Contact,
Service Electrical Distributors Ltd,distributor,ELECTRICAL — United Kingdom,53.45776,-2.98455,"Hawthorne Road, United Kingdom",442000000000,,,,Contact,
LPD Electrical Wholesalers Limited Old Trafford,distributor,ELECTRICAL — United Kingdom,53.46209,-2.27664,"Old Trafford, United Kingdom",442000000000,mail@lpdelectrical.co.uk,,Vincent Priest,Josh Wade,
Moss Electrical Ltd - Manchester,distributor,ELECTRICAL — United Kingdom,53.47072,-2.32306,"Trafford Park, United Kingdom",442000000000,dan@lectri-call.co.uk,,,Josh Wade,
Rexel Trafford Park,distributor,ELECTRICAL — United Kingdom,53.47072,-2.32306,"Trafford Park, United Kingdom",,,,,Josh Wade,
J.D.W. Engineering,distributor,OTHER — United Kingdom,53.47876,-2.09452,"Dukinfield, United Kingdom",442000000000,,,,Josh Wade,
Airvance Group UK,distributor,OTHER — United Kingdom,53.48076,-2.24263,"Manchester, United Kingdom",,andre.chouquais@airvancegroup.com,,André CHOUQUAIS,Josh Wade,
Alpha Tube Company,distributor,OTHER — United Kingdom,53.48076,-2.24263,"Manchester, United Kingdom",442000000000,orders@alphatube.co.uk,,,Josh Wade,
COP UK (Weststone Ltd) Manchester,distributor,OTHER — United Kingdom,53.48076,-2.24263,"Manchester, United Kingdom",442000000000,,,,Josh Wade,
Flintnine Fasteners Ltd,distributor,FIXINGS — United Kingdom,53.48076,-2.24263,"Manchester, United Kingdom",442000000000,,,,Josh Wade,
Gilbey Electrical Wholesalers Ltd,distributor,ELECTRICAL — United Kingdom,53.48076,-2.24263,"Manchester, United Kingdom",442000000000,alan@gilbeyelectrical.co.uk,,Alan Kelly,Josh Wade,
N G Bailey Manchester Office,distributor,OTHER — United Kingdom,53.48076,-2.24263,"Manchester, United Kingdom",442000000000,david.hurcomb@ngbailey.co.uk,,David Stuart Hurcomb Hurcomb,Josh Wade,
"Qualtex Jegs, Qualtex UK Limited",distributor,OTHER — United Kingdom,53.48076,-2.24263,"Manchester, United Kingdom",442000000000,,,,Josh Wade,
SITECO,distributor,OTHER — United Kingdom,53.48076,-2.24263,"Manchester, United Kingdom",,c.westbrook@siteco.co.uk,,Charlotte Westbrook,Josh Wade,
Kier Group,distributor,OTHER — United Kingdom,53.48729,-2.29001,"Salford, United Kingdom",,,,,Josh Wade,
KMG Ltd,distributor,OTHER — United Kingdom,53.48729,-2.29001,"Salford, United Kingdom",442000000000,,,,Josh Wade,
WAE Group Ltd,distributor,OTHER — United Kingdom,53.49049,-1.53777,"Wortley, United Kingdom",441000000000,,,,Contact,
Daton Electrical - 475,distributor,ELECTRICAL — United Kingdom,53.49502,-2.51971,"Leigh, United Kingdom",442000000000,,,,Josh Wade,
Elan Europe Limied,distributor,OTHER — United Kingdom,53.49502,-2.51971,"Leigh, United Kingdom",1925715767,,,,Josh Wade,
Iduct,distributor,OTHER — United Kingdom,53.49502,-2.51971,"Leigh, United Kingdom",1615094001,,,,Josh Wade,
LPD Electrical Wholesalers Limited Leigh,distributor,ELECTRICAL — United Kingdom,53.49502,-2.51971,"Leigh, United Kingdom",442000000000,mail@lpdelectrical.co.uk,,Vincent Priest,Josh Wade,
LPD Electrical Wholesalers Ltd,distributor,ELECTRICAL — United Kingdom,53.49502,-2.51971,"Leigh, United Kingdom",442000000000,mail@lpdelectrical.co.uk,,Vincent Priest,Josh Wade,
CC Electrical Ltd,distributor,ELECTRICAL — United Kingdom,53.52275,-1.13234,"Doncaster, United Kingdom",441000000000,dan@lectri-call.co.uk,,,Josh Wade,
Interfix Supplies,distributor,OTHER — United Kingdom,53.52275,-1.13234,"Doncaster, United Kingdom",441000000000,,,,Josh Wade,
Smith Brothers (Caer Conan) Wholesale Ltd,distributor,ELECTRICAL — United Kingdom,53.52275,-1.13234,"Doncaster, United Kingdom",441000000000,,,,Josh Wade,
COP UK (Weststone Ltd) Oldham,distributor,OTHER — United Kingdom,53.54093,-2.11137,"Oldham, United Kingdom",441000000000,,,,Josh Wade,
Bradnall,distributor,OTHER — United Kingdom,53.54235,-2.11213,"Church lane, United Kingdom",441000000000,,,,Contact,
Skelmersdale Electrical Distributors Ltd,distributor,ELECTRICAL — United Kingdom,53.54265,-2.79222,"East Gillibrands, United Kingdom",442000000000,,,,Contact,
Rexel - Oldham,distributor,ELECTRICAL — United Kingdom,53.54494,-2.14041,"Chadderton, United Kingdom",,,,,Josh Wade,
Green Electrical & Plumbing Supplies Ltd,distributor,ELECTRICAL — United Kingdom,53.55263,-1.47973,"Barnsley, United Kingdom",441000000000,lee@green.supplies,,Lee Green,Josh Wade,
SR Electrical Wholesalers Limited Grimsby,distributor,ELECTRICAL — United Kingdom,53.56747,-0.08078,"Grimsby, United Kingdom",441000000000,steve.mannion@srelectrical.co.uk,,Steve Mannion,Josh Wade,
Air Movement Distribution Ltd,distributor,OTHER — United Kingdom,53.56957,-1.53182,"Barugh Green, United Kingdom",441000000000,,,,Contact,
Clark Electrical,distributor,ELECTRICAL — United Kingdom,53.57221,-1.18922,"Adwick le Street, United Kingdom",441000000000,,,,Contact,
042 Edmundson Electrical Grimsby,distributor,ELECTRICAL — Grimsby — United Kingdom,53.57529,-0.09763,"Birchin Way, Grantham, DN31 2SQ, United Kingdom",01472 357553,rick.smith@eel.co.uk,,RICK SMITH,Liam Cook,L.Cook@zip-clip.com
AV UNIBRAK,distributor,OTHER — United Kingdom,53.57686,-2.42822,"Bolton, United Kingdom",447000000000,montell@av-unibrak.co.uk,,,Josh Wade,
Chorley Branch,distributor,OTHER — United Kingdom,53.57686,-2.42822,"Bolton, United Kingdom",,,,,Josh Wade,
Condensation Cured,distributor,OTHER — United Kingdom,53.57686,-2.42822,"Bolton, United Kingdom",448000000000,,,,Josh Wade,
Eyre & Elliston Ltd - Bolton,distributor,FIXINGS — United Kingdom,53.57686,-2.42822,"Bolton, United Kingdom",441000000000,,,,Josh Wade,
Extraction Solutions,distributor,OTHER — United Kingdom,53.58405,-1.70888,"Shepley, United Kingdom",442000000000,,,,Contact,
Fairclough & Wood Ltd,distributor,OTHER — United Kingdom,53.58453,-1.18485,"Carcroft, United Kingdom",441000000000,,,,Contact,
BURNAND X H LTD,distributor,OTHER — United Kingdom,53.58865,-0.65441,"SCUNTHORPE, United Kingdom",442000000000,,,,Josh Wade,
Rexel - Scunthorpe,distributor,ELECTRICAL — United Kingdom,53.58865,-0.65441,"Scunthorpe, United Kingdom",,,,,Josh Wade,
Exyte Ductwork Ltd,distributor,HVAC — United Kingdom,53.59335,-2.29661,"Bury, United Kingdom",442000000000,,,,Josh Wade,
048 Edmundson Electrical Scunthorpe,distributor,ELECTRICAL — Scunthorpe — United Kingdom,53.60453,-0.64906,"Units 1&2 Parkway Business Park, West Bromwich, DN15 8XF, United Kingdom",01724 747500,ian.kitchen@eel.co.uk,,IAN KITCHEN,Liam Cook,L.Cook@zip-clip.com
Expert Electrical Supplies Ltd,distributor,ELECTRICAL — United Kingdom,53.60971,-2.1561,"Rochdale, United Kingdom",442000000000,,,,Josh Wade,
G.A. Electrical Distributors Rochdale - 496,distributor,ELECTRICAL — United Kingdom,53.60971,-2.1561,"Rochdale, United Kingdom",442000000000,,,,Josh Wade,
Rexel - Rochdale,distributor,ELECTRICAL — United Kingdom,53.60971,-2.1561,"Rochdale, United Kingdom",,,,,Josh Wade,
RMO Ltd (Rochdale),distributor,OTHER — United Kingdom,53.60971,-2.1561,"Rochdale, United Kingdom",442000000000,,,,Josh Wade,
Electrical Wholesale (Huddersfield) Ltd,distributor,ELECTRICAL — United Kingdom,53.64579,-1.78503,"Huddersfield, United Kingdom",441000000000,,,,Josh Wade,
Huddersfield Electrical Merchants Ltd,distributor,ELECTRICAL — United Kingdom,53.64579,-1.78503,"Huddersfield, United Kingdom",441000000000,,,,Josh Wade,
A C Electrical Supplies Ltd,distributor,ELECTRICAL — United Kingdom,53.65351,-2.6326,"Chorley, United Kingdom",441000000000,andy@acelectricalsupplies.co.uk,,Andy Croasdale,Josh Wade,
Chorley Electrical Traders Limited Chorley,distributor,ELECTRICAL — United Kingdom,53.65351,-2.6326,"Chorley, United Kingdom",441000000000,,,,Josh Wade,
Principle Signs & Graphics,distributor,OTHER — United Kingdom,53.65638,-2.62385,"Stump Lane, United Kingdom",441000000000,,,,Contact,
Complete Ventilation Suppliers (Yorkshire) Ltd,distributor,HVAC — United Kingdom,53.68109,-1.57888,"Ossett, United Kingdom",442000000000,sales@completeventilationsuppliers.co.uk,,Nicola Hardaker,Josh Wade,
Muffle Ltd,distributor,OTHER — United Kingdom,53.68482,-1.50386,"Wakefield, United Kingdom",,,,,Josh Wade,
BAPP Industrial Supplies (Brighouse) Ltd,distributor,OTHER — United Kingdom,53.69973,-1.7825,"Brighouse, United Kingdom",441000000000,,,,Contact,
IDES,distributor,OTHER — United Kingdom,53.70083,-2.3261,"Haslingden, United Kingdom",,,,,Contact,
Super-Wide Digital,distributor,OTHER — United Kingdom,53.70347,-2.20077,"Bacup, United Kingdom",442000000000,,,,Contact,
NB Electrical Limited,distributor,ELECTRICAL — United Kingdom,53.71703,-1.63508,"Batley, United Kingdom",442000000000,dan@lectri-call.co.uk,,,Josh Wade,
BEW Electrical Distributors Ltd - Leicester,distributor,ELECTRICAL — United Kingdom,53.73499,-1.66308,"Birstall, United Kingdom",,,,,Josh Wade,
Palmer Liggins EW Ltd,distributor,OTHER — United Kingdom,53.74858,-2.48753,"Blackburn, United Kingdom",441000000000,blackburn@palmerliggins.co.uk,,Paul Thompson,Josh Wade,
Linx Mechanical Services Ltd,distributor,OTHER — United Kingdom,53.75393,-0.60425,"Ellerker, United Kingdom",441000000000,,,,Contact,
Best Electrical Ltd,distributor,ELECTRICAL — United Kingdom,53.75916,-2.70465,"Preston, United Kingdom",442000000000,dan@lectri-call.co.uk,,,Josh Wade,
Go Electrical - Preston,distributor,ELECTRICAL — United Kingdom,53.75916,-2.70465,"Preston, United Kingdom",442000000000,,,,Josh Wade,
Grundy Electrical Ltd,distributor,ELECTRICAL — United Kingdom,53.75916,-2.70465,"Preston, United Kingdom",442000000000,dan@lectri-call.co.uk,,,Josh Wade,
Holland House Electrical Company Ltd,distributor,ELECTRICAL — United Kingdom,53.75916,-2.70465,"Preston, United Kingdom",442000000000,,,,Josh Wade,
Readyfix Ltd,distributor,OTHER — United Kingdom,53.75916,-2.70465,"Preston, United Kingdom",442000000000,,,,Josh Wade,
Taylek Ltd,distributor,OTHER — United Kingdom,53.75916,-2.70465,"Preston, United Kingdom",442000000000,,,,Josh Wade,
Wilkins Building Materials,distributor,OTHER — United Kingdom,53.75916,-2.70465,"Preston, United Kingdom",443000000000,markw@buildingmaterials.co.uk,,Mark Winter,Josh Wade,
K.N.S. Electrical Ltd,distributor,ELECTRICAL — United Kingdom,53.76749,-0.3273,"Hull, United Kingdom",441000000000,dan@lectri-call.co.uk,,,Gemma Lawless,
Neville Tucker Heating Ltd,distributor,HVAC — United Kingdom,53.76749,-0.3273,"Hull, United Kingdom",441000000000,,,,Gemma Lawless,
NEW (UK) Ltd,distributor,OTHER — United Kingdom,53.76749,-0.3273,"Hull, United Kingdom",441000000000,,,,Gemma Lawless,
Rexel Hull Stoneferry Park,distributor,ELECTRICAL — United Kingdom,53.76749,-0.3273,"Hull, United Kingdom",,,,,Gemma Lawless,
TR Ventilation,distributor,HVAC — United Kingdom,53.76749,-0.3273,"Hull, United Kingdom",441000000000,sales@trventilation.com,,Chris Tong,Gemma Lawless,
Ventair (UK) Limited,distributor,OTHER — United Kingdom,53.76749,-0.3273,"Hull, United Kingdom",441000000000,,,,Gemma Lawless,
Rexel - Leeds Latchmore Ind. Park,distributor,ELECTRICAL — United Kingdom,53.77994,-1.5753,"Latchmore Road, United Kingdom",,,,,Contact,
Rexel Senate Ltd - Leeds,distributor,ELECTRICAL — United Kingdom,53.77994,-1.5753,"Latchmore Road, United Kingdom",,,,,Contact,
AB Electrical Wholesalers Ltd Selby,distributor,ELECTRICAL — United Kingdom,53.78352,-1.06719,"Selby, United Kingdom",442000000000,,,,Gemma Lawless,
Quest Electrical,distributor,ELECTRICAL — United Kingdom,53.78929,-2.2405,"Burnley, United Kingdom",441000000000,,,,Josh Wade,
Rexel - Burnley,distributor,ELECTRICAL — United Kingdom,53.78929,-2.2405,"Burnley, United Kingdom",,,,,Josh Wade,
052 Edmundson Electrical Bradford,distributor,ELECTRICAL — Bradford — United Kingdom,53.78996,-1.74786,"Easthampstead Road, BD4 7AY, United Kingdom",01274 725715,mike.beresford@eel.co.uk,,MIKE BERESFORD,Josh Wade,J.Wade@zip-clip.com
G&H Group,distributor,OTHER — United Kingdom,53.79577,-1.67611,"Pudsey, United Kingdom",441000000000,,,,Contact,
PapaKata Ltd,distributor,OTHER — United Kingdom,53.79699,-1.2496,"Sherburn In Elmet, United Kingdom",442000000000,,,,Contact,
Armaflo Ltd,distributor,OTHER — United Kingdom,53.80076,-1.54908,"Leeds, United Kingdom",441000000000,kelvin@armaflo.com,,Kelvin Harmer,Josh Wade,
Beijer Ref UK & Ireland,distributor,OTHER — United Kingdom,53.80076,-1.54908,"Leeds, United Kingdom",441000000000,sd@beijerref.co.uk,,Sam Dickens,Josh Wade,
Brentwood Group,distributor,OTHER — United Kingdom,53.80076,-1.54908,"Leeds, United Kingdom",441000000000,louise.richardson@brentwoodgroup.co.uk,,Louise Richardson,Josh Wade,
CEF,distributor,OTHER,53.80076,-1.54908,Leeds,,,,,Contact,
Eyre & Elliston Ltd - Leeds,distributor,OTHER — United Kingdom,53.80076,-1.54908,"Leeds, United Kingdom",441000000000,,,,Josh Wade,
G&H,distributor,OTHER — United Kingdom,53.80076,-1.54908,"Leeds, United Kingdom",443000000000,,,,Josh Wade,
Kier Leeds Office,distributor,OTHER — United Kingdom,53.80076,-1.54908,"Leeds, United Kingdom",,,,,Josh Wade,
Omega Signs Ltd,distributor,OTHER — United Kingdom,53.80076,-1.54908,"Leeds, United Kingdom",441000000000,,,,Josh Wade,
Real Affinity Agency,distributor,OTHER — United Kingdom,53.80076,-1.54908,"Leeds, United Kingdom",442000000000,,,,Josh Wade,
The Widd Group Limited,distributor,OTHER — United Kingdom,53.80076,-1.54908,"Leeds, United Kingdom",441000000000,,,,Josh Wade,
WT Products Ltd,distributor,OTHER — United Kingdom,53.80076,-1.54908,"Leeds, United Kingdom",441000000000,,,,Josh Wade,
Blackpool Electrical Traders Ltd,distributor,ELECTRICAL — United Kingdom,53.81674,-3.03705,"Blackpool, United Kingdom",441000000000,,,,Josh Wade,
Yorkshire Fixing Solutions Limited,distributor,FIXINGS — United Kingdom,53.90583,-1.69179,"Otley, United Kingdom",442000000000,,,,Josh Wade,
Selby Bolt & Nut (York) Limited,distributor,FIXINGS — United Kingdom,53.92058,-0.93937,"Elvington, United Kingdom",1904608884,,,,Contact,
Event Prop Hire Ltd,distributor,OTHER — United Kingdom,53.92706,-1.38482,"Wetherby, United Kingdom",441000000000,,,,Contact,
Triton Project Solutions,distributor,OTHER — United Kingdom,53.92706,-1.38482,"Wetherby, United Kingdom",442000000000,fleur@triton-projects.com,,Fleur Leggett,Contact,
Driffield Electrical Supplies Ltd,distributor,ELECTRICAL — United Kingdom,53.95536,-0.44282,"Cranswick, United Kingdom",441000000000,,,,Contact,
A.B. Electrical Wholesalers Ltd,distributor,ELECTRICAL — United Kingdom,53.96142,-1.07391,"York, United Kingdom",442000000000,,,,Gemma Lawless,
AB Electrical Wholesalers Ltd York,distributor,ELECTRICAL — United Kingdom,53.96142,-1.07391,"York, United Kingdom",442000000000,,,,Gemma Lawless,
First Fix Industrial Supplies Ltd,distributor,OTHER — United Kingdom,53.96142,-1.07391,"York, United Kingdom",442000000000,,,,Gemma Lawless,
SES ( Shepherds ) Engineering Services York Regional Office,distributor,OTHER — United Kingdom,53.96142,-1.07391,"York, United Kingdom",442000000000,,,,Gemma Lawless,
Rexel - York,distributor,ELECTRICAL — United Kingdom,53.9631,-1.07071,"Layerthorpe, United Kingdom",,,,,Contact,
A C Electrical Supplies,distributor,ELECTRICAL — United Kingdom,53.96901,-2.62769,"Lancs, United Kingdom",448000000000,andy@acelectricalsupplies.co.uk,,Andy Croasdale,Contact,
Meredith Electrical Distributors Ltd,distributor,ELECTRICAL — United Kingdom,53.96901,-2.62769,"Lancashire, United Kingdom",1613032525,,,,Contact,
Chris Bowker Ltd,distributor,OTHER — United Kingdom,54.07417,-2.86497,"Morecambe, United Kingdom",01524 36353,,,,Josh Wade,
DST Group Ltd,distributor,OTHER — United Kingdom,54.07417,-2.86497,"Morecambe, United Kingdom",442000000000,,,,Josh Wade,
King and Moffatt,distributor,OTHER — United Kingdom,54.12469,-8.00201,"Co Leitrim, United Kingdom",354000000000,,,,Contact,
Wolseley UK Ltd,distributor,OTHER — United Kingdom,54.13614,-1.52378,"Ripon, United Kingdom",442000000000,ben.williams@wolseley.co.uk,,Ben Williams,Josh Wade,
Eyre & Elliston Ltd - Malton,distributor,OTHER — United Kingdom,54.13657,-0.798,"Malton, United Kingdom",442000000000,,,,Gemma Lawless,
056 Edmundson Electrical Douglas,distributor,ELECTRICAL — Douglas — United Kingdom,54.14748,-4.50287,"Unit 1 Middle River Industrial Estate, Pulrose Road, Douglas, IM2 1AL, United Kingdom",01624 673457,alastair.bayley@eel.co.uk,,ALASTAIR BAYLEY,Toby House,T.House@zip-clip.com
Kirkbymoorside Town Council,distributor,OTHER — United Kingdom,54.26957,-0.93125,"Kirkbymoorside, United Kingdom",442000000000,,,,Gemma Lawless,
Sign Engineering Technology LTD,distributor,OTHER — United Kingdom,54.28311,-0.39975,"Scarborough, United Kingdom",442000000000,,,,Gemma Lawless,
The Electrical Network (Scarborough) Ltd,distributor,ELECTRICAL — United Kingdom,54.28311,-0.39975,"Scarborough, United Kingdom",442000000000,,,,Gemma Lawless,
047 Edmundson Electrical Scarborough,distributor,ELECTRICAL — Scarborough — United Kingdom,54.28439,-0.4086,"Scarborough, YO12 7SH, United Kingdom",01723 360301,rob.cook@eel.co.uk,,ROB COOK,Gemma Lawless,G.Lawless@zip-clip.com
Wallsall Electrical Portdown - 372,distributor,ELECTRICAL — United Kingdom,54.42033,-6.45484,"Portadown, United Kingdom",443000000000,,,,Ben Stones,
C.G. Fixings Ltd,distributor,FIXINGS — United Kingdom,54.52207,-1.52331,"Yarm Road, United Kingdom",441000000000,,,,Contact,
AB Electrical Wholesalers Ltd Middlesborough,distributor,ELECTRICAL — United Kingdom,54.57423,-1.23496,"Middlesborough, United Kingdom",442000000000,,,,Gemma Lawless,
Go Interiors Ltd - Middlesbrough,distributor,OTHER — United Kingdom,54.57423,-1.23496,"Middlesbrough, United Kingdom",442000000000,,,,Gemma Lawless,
Tinman Supplies Ltd,distributor,OTHER — United Kingdom,54.57423,-1.23496,"Middlesbrough, United Kingdom",442000000000,,,,Gemma Lawless,
045 Edmundson Electrical Middlesbrough,distributor,ELECTRICAL — Middlesbrough — United Kingdom,54.57486,-1.24982,"15 Cannon Park Way, Cannon Park Industrial Estate, Merthyr Tydfil, TS1 5DZ, United Kingdom",01642 241881,rhys.kilbride@eel.co.uk,,RHYS KILBRIDE,Chris Appleton,C.Appleton@zip-clip.com
H Ritchie & Sons,distributor,OTHER — United Kingdom,54.59728,-5.93012,"Belfast, United Kingdom",443000000000,,,,Ben Stones,
MacLean International Group Limited Billingham,distributor,OTHER — United Kingdom,54.61254,-1.29096,"Billingham, United Kingdom",448000000000,,,,Gemma Lawless,
Whitehouse Engineering Co Ltd,distributor,OTHER — United Kingdom,54.67924,-5.95911,"Newtonabbey, United Kingdom",443000000000,info@whitehouse-eng.com,,,Ben Stones,
Certex Lietuva UAB,distributor,OTHER — Lithuania,54.68716,25.27965,"Vilnius, Lithuania",370 67 92 79 76,,,,Contact,
Eyre & Elliston Ltd - Carlisle,distributor,OTHER — United Kingdom,54.89247,-2.93293,"Carlisle, United Kingdom",441000000000,,,,Josh Wade,
CMC North East Ltd,distributor,OTHER — United Kingdom,54.95268,-1.60341,"Gateshead, United Kingdom",442000000000,,,,Gemma Lawless,
CMS,distributor,OTHER — United Kingdom,54.95268,-1.60341,"Gateshead, United Kingdom",448000000000,,,,Gemma Lawless,
CP Electrical Wholesale Gateshead,distributor,ELECTRICAL — United Kingdom,54.95268,-1.60341,"Gateshead, United Kingdom",442000000000,grahamclint@cpelec.co.uk,,Sheila Brown,Gemma Lawless,
CP Lighting & Interiors,distributor,ELECTRICAL — United Kingdom,54.95268,-1.60341,"Gateshead, United Kingdom",442000000000,,,,Gemma Lawless,
Power Wholesale Limited - Nottingham,distributor,ELECTRICAL — United Kingdom,54.95268,-1.60341,"Gateshead, United Kingdom",441000000000,dean.fairrie@powerwholesale.co.uk,,Dean Fairrie,Gemma Lawless,
R Dinning Limited Gateshead,distributor,OTHER — United Kingdom,54.95268,-1.60341,"Gateshead, United Kingdom",442000000000,neil@rdinning.co.uk,,Neil Hebson,Gemma Lawless,
SIG Fixings Newcastle,distributor,FIXINGS — United Kingdom,54.95268,-1.60341,"Gateshead, United Kingdom",442000000000,,,,Gemma Lawless,
BBC Electrical Wholesalers Ltd,distributor,ELECTRICAL — United Kingdom,54.96122,-1.7182,"Blaydon-on-Tyne, United Kingdom",442000000000,ian@bbcelectrical.co.uk,,"Ian Lyall,",Gemma Lawless,
Boyd & Co (Metal Workers) Ltd,distributor,FIXINGS — United Kingdom,54.96122,-1.7182,"Blaydon, United Kingdom",442000000000,,,,Gemma Lawless,
Commercial & Industrial Interiors Ltd,distributor,OTHER — United Kingdom,54.9622,-1.84723,"Prudoe, United Kingdom",442000000000,,,,Contact,
Rexel - Heaton,distributor,ELECTRICAL — United Kingdom,54.98535,-1.58153,"Heaton, United Kingdom",,,,,Gemma Lawless,
Tyne Tees Fasteners,distributor,FIXINGS — United Kingdom,55.01076,-1.44914,"North Shields, United Kingdom",442000000000,,,,Gemma Lawless,
Danfoss,distributor,OTHER — Denmark,55.05572,9.75101,"Nordborg, Denmark",443000000000,mtbh@danfoss.com,,Maiken Hansen,Contact,
Wallsall Electrical Coleraine - 379,distributor,ELECTRICAL — United Kingdom,55.13258,-6.66461,"Coleraine, United Kingdom",028 03 56226,,,,Ben Stones,
Eyre & Elliston Ltd - Morpeth,distributor,OTHER — United Kingdom,55.16875,-1.68749,"Morpeth, United Kingdom",442000000000,,,,Gemma Lawless,
Fyns Kran,distributor,OTHER — Denmark,55.40376,10.40237,"Odense, Denmark",4570152015,,,,Contact,
Scanmarc,distributor,OTHER — Denmark,55.47647,8.45941,"Esbjerg Denmark, Denmark",4546730100,,,,Contact,
Lucas & Steen Ventilation Engineers Ltd,distributor,HVAC — United Kingdom,55.64389,-4.81182,"Ardrossan, United Kingdom",441000000000,,,,Contact,
Tri-Fix Industrial Fasteners Ltd,distributor,FIXINGS — United Kingdom,55.77354,-3.91935,"Wishaw, United Kingdom",442000000000,,,,Ben Stones,
540 Edmundson Electrical (Bellshill),distributor,ELECTRICAL — United Kingdom,55.81676,-4.02654,"Bellshill, United Kingdom",442000000000,,,,Ben Stones,
CMC Climate,distributor,HVAC — United Kingdom,55.81676,-4.02654,"Bellshill, United Kingdom",,,,,Ben Stones,
Holland House Electrical Supplies,distributor,ELECTRICAL — United Kingdom,55.86167,-4.25833,"Glasgow, United Kingdom",441000000000,,,,Ben Stones,
Kier Glasgow Office,distributor,OTHER — United Kingdom,55.86167,-4.25833,"Glasgow, United Kingdom",,,,,Ben Stones,
Rexel - Glasgow Devon Place,distributor,ELECTRICAL — United Kingdom,55.86167,-4.25833,"Glasgow, United Kingdom",,,,,Ben Stones,
Think Lighting Ltd,distributor,ELECTRICAL — United Kingdom,55.86167,-4.25833,"Glasgow, United Kingdom",441000000000,mozz@thinklighting.co.uk,,Maureen McKerrall,Ben Stones,
Urban Electrical Limited,distributor,ELECTRICAL — United Kingdom,55.86167,-4.25833,"Glasgow, United Kingdom",441000000000,dan@lectri-call.co.uk,,,Ben Stones,
Wired Electrical Limited,distributor,ELECTRICAL — United Kingdom,55.86167,-4.25833,"Glasgow, United Kingdom",441000000000,dan@lectri-call.co.uk,,,Ben Stones,
JGM,distributor,OTHER — United Kingdom,55.87641,-3.14935,"Loanhead, United Kingdom",,,,,Ben Stones,
Mechanical & Electrical Fixings Ltd,distributor,ELECTRICAL — United Kingdom,55.87641,-3.14935,"Loanhead, United Kingdom",441000000000,,,,Ben Stones,
Deans Group Ltd,distributor,OTHER — United Kingdom,55.9001,-4.40477,"Clydebank, United Kingdom",441000000000,,,,Contact,
Baillie Signs,distributor,OTHER — United Kingdom,55.95325,-3.18827,"Edinburgh, United Kingdom",441000000000,,,,Ben Stones,
Narro,distributor,OTHER — United Kingdom,55.95325,-3.18827,"Edinburgh, United Kingdom",,,,,Ben Stones,
Epecon AB,distributor,OTHER — Sweden,56.04647,12.69451,"Helsingborg, Sweden",4642250140,mattias.lindstrom@epecon.se,,MATTIAS LINDSTRÖM,Contact,
Osprey Tool & Fixings,distributor,FIXINGS — United Kingdom,56.12105,-3.16644,"Kirkcaldy, United Kingdom",442000000000,,,,Ben Stones,
Ductform Ventilation (UK) Ltd,distributor,HVAC — United Kingdom,56.20084,-3.15986,"Glenrothes, United Kingdom",442000000000,,,,Ben Stones,
Certex,distributor,OTHER — Denmark,56.26392,9.50178,"Denmark, Denmark",,aleksandr.sabanovic@certex.lt,,Aleksandr Šabanovič,Contact,
Lindab,distributor,OTHER — Sweden,56.39231,12.7826,"Grevie, Sweden",,sarah.downes@lindab.com,,Sarah Downes,Contact,
Rexel - Fort William,distributor,ELECTRICAL — United Kingdom,56.81982,-5.10522,"Fort William, United Kingdom",,,,,Contact,
ASPIROS / Air Duct Factory,distributor,HVAC — Latvia,56.87964,24.60319,"Latvia, Latvia",,dzc@aspiros.lv,,Dzintars Celms,Contact,
BALTIC PROJECT GROUP SIA,distributor,OTHER — Latvia,56.87964,24.60319,"Latvia, Latvia",37129236283,,,,Contact,
Certex Latvija,distributor,OTHER — Latvia,56.96769,24.10562,"Riga, Latvia, Latvia",37167609461,,,,Contact,
Medlock Electrical Distributors - Aberdeen,distributor,ELECTRICAL — United Kingdom,57.14989,-2.09375,"Aberdeen, United Kingdom",441000000000,,,,Ben Stones,
Rexel - Aberdeen,distributor,ELECTRICAL — United Kingdom,57.14989,-2.09375,"Aberdeen, United Kingdom",,,,,Ben Stones,
MRG Scotland,distributor,OTHER — United Kingdom,57.47777,-4.22472,"Iverness, United Kingdom",441000000000,,,,Ben Stones,
Rexel - Inverness,distributor,ELECTRICAL — United Kingdom,57.47777,-4.22472,"INVERNESS, United Kingdom",,,,,Ben Stones,
MacLean International Group Limited Dingwall,distributor,OTHER — United Kingdom,57.59535,-4.42841,"Dingwall, United Kingdom",01384 986 8000,,,,Ben Stones,
Ergofast,distributor,OTHER — Sweden,57.86975,11.97403,"Kungälv Sweden, Sweden",460000000000,johan.eriksson@ergofast.se,,Johan Eriksson,Contact,
Kinnan Norway,distributor,OTHER — Norway,58.15991,8.01821,"Kristiansand, Norway",4745248615,,,,Contact,
PROVENT,distributor,OTHER — Estonia,59.379,24.53878,"Huuru Estonia, Estonia",37251990063,kalev@provent.ee,,Kalev Palkov,Contact,
Kinnan AB,distributor,OTHER — Sweden,59.63569,17.07782,"Enköping Sweden, Sweden",46171479075,,,,Contact,
Ljus & Dekor AB,distributor,OTHER — Sweden,60.12816,18.6435,"Sweden, Sweden",,,,,Contact,
Inlook,distributor,OTHER — Finland,60.16986,24.93838,"Helsinki, Finland",358000000000,,,,Contact,
Itula,distributor,OTHER — Finland,61.26672,28.95594,"PUNTALA Finland, Finland",358000000000,mikko.iitia@itula.fi,,Mikko Iitia,Contact,
Fixmek,distributor,OTHER — Finland,61.92411,25.74815,"Finland, Finland",,toni@fixmek.fi,,Toni Rastas,Contact,
ISHUSID,distributor,OTHER — Iceland,64.11103,-21.90861,"Kopavogur Iceland, Iceland",3545666000,tomas@ishusid.is,,Tomas HAFLIDASON,Contact,
ABP Food Group,distributor,OTHER — Ireland,80.75039,-72.66519,"Ellesmere, Ireland",442000000000,,,,Contact,
Y.E.S.S.S. Ltd - Winchester,distributor,ELECTRICAL — United Kingdom,51.07209,-1.29751,"Unit C, Wykeham Industrial Estate, Hampshire, Moorside Rd, Winchester, SO23 7RX, United Kingdom",,,,,Josh Wade,
Y.E.S.S.S. Ltd - Yeovil,distributor,ELECTRICAL — United Kingdom,50.93532,-2.66374,"Units 1-2, Somerset, 5B Watercombe Ln, Yeovil, BA20 2SU, United Kingdom",,,,,Chris Appleton,
Y.E.S.S.S. Ltd - York,distributor,ELECTRICAL — United Kingdom,53.99116,-1.09307,"Unit 5 Seafire Cl, North Yorkshire, York, YO30 4UU, United Kingdom",,,,,Gemma Lawless,
Youngs Extract Supplies,distributor,OTHER — United Kingdom,51.56692,-0.23875,"Phoenix Park, Unit 4 Apsley Way, London, NW2 7LN, United Kingdom",442000000000,,,,Toby House,
